{
    "experiment_sequence": 8030,
    "start_time": 3630.881846,
    "end_time": 3631.433004,
    "total_time": 0.551158,
    "timer_frequency": 1855,
    "average_sending_rate": 1856.09,
    "signal_source_mode": 2,
    "signal_source": "n10s12",
    "received_count": 1023,
    "total_packets": 1023,
    "received_percentage": 100.0,
    "program start time": "2025-01-03 19:08:00",
    "sending start time": "2025-01-03 19:08:00",
    "collecting start time": "2025-01-03 19:08:03"
}