{
    "experiment_sequence": 8005,
    "start_time": 2130.884267,
    "end_time": 2131.400729,
    "total_time": 0.516462,
    "timer_frequency": 1980,
    "average_sending_rate": 1980.78,
    "signal_source_mode": 2,
    "signal_source": "n10s12",
    "received_count": 1023,
    "total_packets": 1023,
    "received_percentage": 100.0,
    "program start time": "2025-01-03 18:43:00",
    "sending start time": "2025-01-03 18:43:00",
    "collecting start time": "2025-01-03 18:43:03"
}