{
    "experiment_sequence": 8018,
    "start_time": 2910.884037,
    "end_time": 2911.418129,
    "total_time": 0.534092,
    "timer_frequency": 1915,
    "average_sending_rate": 1915.4,
    "signal_source_mode": 2,
    "signal_source": "n10s12",
    "received_count": 1023,
    "total_packets": 1023,
    "received_percentage": 100.0,
    "program start time": "2025-01-03 18:56:00",
    "sending start time": "2025-01-03 18:56:00",
    "collecting start time": "2025-01-03 18:56:03"
}