{
    "experiment_sequence": 6033,
    "start_time": 10026.293711,
    "end_time": 10026.362265,
    "total_time": 0.068554,
    "timer_frequency": 1840,
    "average_sending_rate": 1852.56,
    "signal_source_mode": 2,
    "signal_source": "n7s12",
    "received_count": 127,
    "total_packets": 127,
    "received_percentage": 100.0,
    "program start time": "2025-02-21 18:01:00",
    "sending start time": "2025-02-21 18:01:00",
    "collecting start time": "2025-02-21 18:01:03"
}