{
    "experiment_sequence": 8051,
    "start_time": 7584.763499,
    "end_time": 7585.349331,
    "total_time": 0.585831,
    "timer_frequency": 1750,
    "average_sending_rate": 1746.24,
    "signal_source_mode": 2,
    "signal_source": "n10s12",
    "received_count": 1023,
    "total_packets": 1023,
    "received_percentage": 100.0,
    "program start time": "2025-01-03 19:28:55",
    "sending start time": "2025-01-03 19:29:00",
    "collecting start time": "2025-01-03 19:29:03"
}