{
    "experiment_sequence": 4060,
    "start_time": 273118.819048,
    "end_time": 273118.893047,
    "total_time": 0.073998,
    "timer_frequency": 1705,
    "average_sending_rate": 1716.26,
    "signal_source_mode": 2,
    "signal_source": "n7s12",
    "received_count": 127,
    "total_packets": 127,
    "received_percentage": 100.0,
    "program start time": "2025-01-18 03:01:55",
    "sending start time": "2025-01-18 03:02:00",
    "collecting start time": "2025-01-18 03:02:03"
}