{
    "experiment_sequence": 20028,
    "start_time": 487803.084868,
    "end_time": 487803.152645,
    "total_time": 0.067777,
    "timer_frequency": 1865,
    "average_sending_rate": 1873.79,
    "signal_source_mode": 2,
    "signal_source": "n7s12",
    "received_count": 127,
    "total_packets": 127,
    "received_percentage": 100.0,
    "program start time": "2025-01-21 13:57:00",
    "sending start time": "2025-01-21 13:57:00",
    "collecting start time": "2025-01-21 13:57:03"
}