{
    "experiment_sequence": 20057,
    "start_time": 233899.489268,
    "end_time": 233899.562559,
    "total_time": 0.073291,
    "timer_frequency": 1720,
    "average_sending_rate": 1732.81,
    "signal_source_mode": 2,
    "signal_source": "n7s12",
    "received_count": 127,
    "total_packets": 127,
    "received_percentage": 100.0,
    "program start time": "2025-01-21 14:25:55",
    "sending start time": "2025-01-21 14:26:00",
    "collecting start time": "2025-01-21 14:26:04"
}