{
    "experiment_sequence": 8007,
    "start_time": 2250.8842,
    "end_time": 2251.403355,
    "total_time": 0.519156,
    "timer_frequency": 1970,
    "average_sending_rate": 1970.51,
    "signal_source_mode": 2,
    "signal_source": "n10s12",
    "received_count": 1023,
    "total_packets": 1023,
    "received_percentage": 100.0,
    "program start time": "2025-01-03 18:45:00",
    "sending start time": "2025-01-03 18:45:00",
    "collecting start time": "2025-01-03 18:45:03"
}