{
    "experiment_sequence": 20029,
    "start_time": 232219.49108,
    "end_time": 232219.558864,
    "total_time": 0.067785,
    "timer_frequency": 1860,
    "average_sending_rate": 1873.58,
    "signal_source_mode": 2,
    "signal_source": "n7s12",
    "received_count": 127,
    "total_packets": 127,
    "received_percentage": 100.0,
    "program start time": "2025-01-21 13:57:55",
    "sending start time": "2025-01-21 13:58:00",
    "collecting start time": "2025-01-21 13:58:03"
}