{
    "experiment_sequence": 4058,
    "start_time": 141857.88462,
    "end_time": 141857.958172,
    "total_time": 0.073552,
    "timer_frequency": 1715,
    "average_sending_rate": 1726.67,
    "signal_source_mode": 2,
    "signal_source": "n7s12",
    "received_count": 127,
    "total_packets": 127,
    "received_percentage": 100.0,
    "program start time": "2025-01-18 03:00:00",
    "sending start time": "2025-01-18 03:00:00",
    "collecting start time": "2025-01-18 03:00:03"
}