{
    "experiment_sequence": 1042,
    "start_time": 65749.223429,
    "end_time": 65749.865169,
    "total_time": 0.641739,
    "timer_frequency": 795,
    "average_sending_rate": 796.27,
    "signal_source_mode": 2,
    "signal_source": "n9s12",
    "received_count": 511,
    "total_packets": 511,
    "received_percentage": 100.0,
    "program start time": "2025-01-13 16:41:55",
    "sending start time": "2025-01-13 16:42:00",
    "collecting start time": "2025-01-13 16:42:03"
}