{
    "experiment_sequence": 8055,
    "start_time": 7824.764111,
    "end_time": 7825.3557,
    "total_time": 0.591589,
    "timer_frequency": 1730,
    "average_sending_rate": 1729.24,
    "signal_source_mode": 2,
    "signal_source": "n10s12",
    "received_count": 1023,
    "total_packets": 1023,
    "received_percentage": 100.0,
    "program start time": "2025-01-03 19:32:55",
    "sending start time": "2025-01-03 19:33:00",
    "collecting start time": "2025-01-03 19:33:03"
}