{
    "experiment_sequence": 1011,
    "start_time": 63889.222029,
    "end_time": 63889.759097,
    "total_time": 0.537068,
    "timer_frequency": 950,
    "average_sending_rate": 951.46,
    "signal_source_mode": 2,
    "signal_source": "n9s12",
    "received_count": 511,
    "total_packets": 511,
    "received_percentage": 100.0,
    "program start time": "2025-01-13 16:10:55",
    "sending start time": "2025-01-13 16:11:00",
    "collecting start time": "2025-01-13 16:11:03"
}