{
    "experiment_sequence": 6057,
    "start_time": 9142.673027,
    "end_time": 9142.746379,
    "total_time": 0.073352,
    "timer_frequency": 1720,
    "average_sending_rate": 1731.38,
    "signal_source_mode": 2,
    "signal_source": "n7s12",
    "received_count": 127,
    "total_packets": 127,
    "received_percentage": 100.0,
    "program start time": "2025-02-21 18:24:55",
    "sending start time": "2025-02-21 18:25:00",
    "collecting start time": "2025-02-21 18:25:03"
}