{
    "experiment_sequence": 8056,
    "start_time": 5190.88402,
    "end_time": 5191.476647,
    "total_time": 0.592627,
    "timer_frequency": 1725,
    "average_sending_rate": 1726.21,
    "signal_source_mode": 2,
    "signal_source": "n10s12",
    "received_count": 1023,
    "total_packets": 1023,
    "received_percentage": 100.0,
    "program start time": "2025-01-03 19:34:00",
    "sending start time": "2025-01-03 19:34:00",
    "collecting start time": "2025-01-03 19:34:03"
}