{
    "experiment_sequence": 4062,
    "start_time": 142097.884598,
    "end_time": 142097.959008,
    "total_time": 0.074411,
    "timer_frequency": 1695,
    "average_sending_rate": 1706.75,
    "signal_source_mode": 2,
    "signal_source": "n7s12",
    "received_count": 127,
    "total_packets": 127,
    "received_percentage": 100.0,
    "program start time": "2025-01-18 03:04:00",
    "sending start time": "2025-01-18 03:04:00",
    "collecting start time": "2025-01-18 03:04:03"
}