{
    "experiment_sequence": 2040,
    "start_time": 138718.812004,
    "end_time": 138718.881903,
    "total_time": 0.0699,
    "timer_frequency": 1805,
    "average_sending_rate": 1816.89,
    "signal_source_mode": 2,
    "signal_source": "n7s12",
    "received_count": 127,
    "total_packets": 127,
    "received_percentage": 100.0,
    "program start time": "2025-01-16 13:41:55",
    "sending start time": "2025-01-16 13:41:59",
    "collecting start time": "2025-01-16 13:42:03"
}