{
    "experiment_sequence": 20027,
    "start_time": 232099.490746,
    "end_time": 232099.558159,
    "total_time": 0.067412,
    "timer_frequency": 1870,
    "average_sending_rate": 1883.93,
    "signal_source_mode": 2,
    "signal_source": "n7s12",
    "received_count": 127,
    "total_packets": 127,
    "received_percentage": 100.0,
    "program start time": "2025-01-21 13:55:55",
    "sending start time": "2025-01-21 13:56:00",
    "collecting start time": "2025-01-21 13:56:03"
}