{
    "experiment_sequence": 6041,
    "start_time": 10506.293893,
    "end_time": 10506.363975,
    "total_time": 0.070081,
    "timer_frequency": 1800,
    "average_sending_rate": 1812.18,
    "signal_source_mode": 2,
    "signal_source": "n7s12",
    "received_count": 127,
    "total_packets": 127,
    "received_percentage": 100.0,
    "program start time": "2025-02-21 18:09:00",
    "sending start time": "2025-02-21 18:09:00",
    "collecting start time": "2025-02-21 18:09:03"
}