{
    "experiment_sequence": 2062,
    "start_time": 140038.814985,
    "end_time": 140038.889411,
    "total_time": 0.074426,
    "timer_frequency": 1695,
    "average_sending_rate": 1706.39,
    "signal_source_mode": 2,
    "signal_source": "n7s12",
    "received_count": 127,
    "total_packets": 127,
    "received_percentage": 100.0,
    "program start time": "2025-01-16 14:03:55",
    "sending start time": "2025-01-16 14:04:00",
    "collecting start time": "2025-01-16 14:04:03"
}