{
    "experiment_sequence": 1003,
    "start_time": 85651.863449,
    "end_time": 85652.378695,
    "total_time": 0.515245,
    "timer_frequency": 990,
    "average_sending_rate": 991.76,
    "signal_source_mode": 2,
    "signal_source": "n9s12",
    "received_count": 511,
    "total_packets": 511,
    "received_percentage": 100.0,
    "program start time": "2025-01-13 16:03:00",
    "sending start time": "2025-01-13 16:03:00",
    "collecting start time": "2025-01-13 16:03:03"
}