{
    "experiment_sequence": 1057,
    "start_time": 88891.863035,
    "end_time": 88892.571449,
    "total_time": 0.708414,
    "timer_frequency": 720,
    "average_sending_rate": 721.33,
    "signal_source_mode": 2,
    "signal_source": "n9s12",
    "received_count": 511,
    "total_packets": 511,
    "received_percentage": 100.0,
    "program start time": "2025-01-13 16:57:00",
    "sending start time": "2025-01-13 16:57:00",
    "collecting start time": "2025-01-13 16:57:03"
}