{
    "experiment_sequence": 6016,
    "start_time": 6682.672076,
    "end_time": 6682.737628,
    "total_time": 0.065551,
    "timer_frequency": 1925,
    "average_sending_rate": 1937.41,
    "signal_source_mode": 2,
    "signal_source": "n7s12",
    "received_count": 127,
    "total_packets": 127,
    "received_percentage": 100.0,
    "program start time": "2025-02-21 17:43:55",
    "sending start time": "2025-02-21 17:43:59",
    "collecting start time": "2025-02-21 17:44:02"
}