{
    "experiment_sequence": 20026,
    "start_time": 232039.488667,
    "end_time": 232039.555902,
    "total_time": 0.067235,
    "timer_frequency": 1875,
    "average_sending_rate": 1888.9,
    "signal_source_mode": 2,
    "signal_source": "n7s12",
    "received_count": 127,
    "total_packets": 127,
    "received_percentage": 100.0,
    "program start time": "2025-01-21 13:54:55",
    "sending start time": "2025-01-21 13:55:00",
    "collecting start time": "2025-01-21 13:55:03"
}