{
    "experiment_sequence": 20015,
    "start_time": 487023.08526,
    "end_time": 487023.150805,
    "total_time": 0.065545,
    "timer_frequency": 1930,
    "average_sending_rate": 1937.61,
    "signal_source_mode": 2,
    "signal_source": "n7s12",
    "received_count": 127,
    "total_packets": 127,
    "received_percentage": 100.0,
    "program start time": "2025-01-21 13:44:00",
    "sending start time": "2025-01-21 13:44:00",
    "collecting start time": "2025-01-21 13:44:03"
}