{
    "experiment_sequence": 8059,
    "start_time": 8064.763497,
    "end_time": 8065.364384,
    "total_time": 0.600887,
    "timer_frequency": 1710,
    "average_sending_rate": 1702.48,
    "signal_source_mode": 2,
    "signal_source": "n10s12",
    "received_count": 1023,
    "total_packets": 1023,
    "received_percentage": 100.0,
    "program start time": "2025-01-03 19:36:55",
    "sending start time": "2025-01-03 19:37:00",
    "collecting start time": "2025-01-03 19:37:03"
}