{
    "experiment_sequence": 8018,
    "start_time": 5604.763368,
    "end_time": 5605.298228,
    "total_time": 0.534859,
    "timer_frequency": 1915,
    "average_sending_rate": 1912.65,
    "signal_source_mode": 2,
    "signal_source": "n10s12",
    "received_count": 1023,
    "total_packets": 1023,
    "received_percentage": 100.0,
    "program start time": "2025-01-03 18:55:55",
    "sending start time": "2025-01-03 18:56:00",
    "collecting start time": "2025-01-03 18:56:03"
}