{
    "experiment_sequence": 6028,
    "start_time": 7402.671788,
    "end_time": 7402.739461,
    "total_time": 0.067673,
    "timer_frequency": 1865,
    "average_sending_rate": 1876.68,
    "signal_source_mode": 2,
    "signal_source": "n7s12",
    "received_count": 127,
    "total_packets": 127,
    "received_percentage": 100.0,
    "program start time": "2025-02-21 17:55:55",
    "sending start time": "2025-02-21 17:55:59",
    "collecting start time": "2025-02-21 17:56:02"
}