{
    "experiment_sequence": 4033,
    "start_time": 140357.884702,
    "end_time": 140357.953254,
    "total_time": 0.068552,
    "timer_frequency": 1840,
    "average_sending_rate": 1852.61,
    "signal_source_mode": 2,
    "signal_source": "n7s12",
    "received_count": 127,
    "total_packets": 127,
    "received_percentage": 100.0,
    "program start time": "2025-01-18 02:35:00",
    "sending start time": "2025-01-18 02:35:00",
    "collecting start time": "2025-01-18 02:35:03"
}