{
    "experiment_sequence": 20008,
    "start_time": 486603.087542,
    "end_time": 486603.151929,
    "total_time": 0.064387,
    "timer_frequency": 1965,
    "average_sending_rate": 1972.44,
    "signal_source_mode": 2,
    "signal_source": "n7s12",
    "received_count": 127,
    "total_packets": 127,
    "received_percentage": 100.0,
    "program start time": "2025-01-21 13:37:00",
    "sending start time": "2025-01-21 13:37:00",
    "collecting start time": "2025-01-21 13:37:03"
}