{
    "experiment_sequence": 8053,
    "start_time": 7704.764191,
    "end_time": 7705.353443,
    "total_time": 0.589251,
    "timer_frequency": 1740,
    "average_sending_rate": 1736.1,
    "signal_source_mode": 2,
    "signal_source": "n10s12",
    "received_count": 1023,
    "total_packets": 1023,
    "received_percentage": 100.0,
    "program start time": "2025-01-03 19:30:55",
    "sending start time": "2025-01-03 19:31:00",
    "collecting start time": "2025-01-03 19:31:03"
}