{
    "experiment_sequence": 2018,
    "start_time": 137398.799442,
    "end_time": 137398.865338,
    "total_time": 0.065896,
    "timer_frequency": 1915,
    "average_sending_rate": 1927.27,
    "signal_source_mode": 2,
    "signal_source": "n7s12",
    "received_count": 127,
    "total_packets": 127,
    "received_percentage": 100.0,
    "program start time": "2025-01-16 13:19:55",
    "sending start time": "2025-01-16 13:19:59",
    "collecting start time": "2025-01-16 13:20:03"
}