{
    "experiment_sequence": 1047,
    "start_time": 66049.223894,
    "end_time": 66049.886453,
    "total_time": 0.662559,
    "timer_frequency": 770,
    "average_sending_rate": 771.25,
    "signal_source_mode": 2,
    "signal_source": "n9s12",
    "received_count": 511,
    "total_packets": 511,
    "received_percentage": 100.0,
    "program start time": "2025-01-13 16:46:55",
    "sending start time": "2025-01-13 16:47:00",
    "collecting start time": "2025-01-13 16:47:03"
}