{
    "experiment_sequence": 20006,
    "start_time": 230839.488536,
    "end_time": 230839.552399,
    "total_time": 0.063863,
    "timer_frequency": 1975,
    "average_sending_rate": 1988.64,
    "signal_source_mode": 2,
    "signal_source": "n7s12",
    "received_count": 127,
    "total_packets": 127,
    "received_percentage": 100.0,
    "program start time": "2025-01-21 13:34:55",
    "sending start time": "2025-01-21 13:35:00",
    "collecting start time": "2025-01-21 13:35:03"
}