{
    "experiment_sequence": 1041,
    "start_time": 65689.224737,
    "end_time": 65689.862463,
    "total_time": 0.637726,
    "timer_frequency": 800,
    "average_sending_rate": 801.28,
    "signal_source_mode": 2,
    "signal_source": "n9s12",
    "received_count": 511,
    "total_packets": 511,
    "received_percentage": 100.0,
    "program start time": "2025-01-13 16:40:55",
    "sending start time": "2025-01-13 16:41:00",
    "collecting start time": "2025-01-13 16:41:03"
}