{
    "experiment_sequence": 20031,
    "start_time": 487983.085354,
    "end_time": 487983.153655,
    "total_time": 0.068301,
    "timer_frequency": 1850,
    "average_sending_rate": 1859.41,
    "signal_source_mode": 2,
    "signal_source": "n7s12",
    "received_count": 127,
    "total_packets": 127,
    "received_percentage": 100.0,
    "program start time": "2025-01-21 14:00:00",
    "sending start time": "2025-01-21 14:00:00",
    "collecting start time": "2025-01-21 14:00:03"
}