{
    "experiment_sequence": 6027,
    "start_time": 7342.671897,
    "end_time": 7342.739373,
    "total_time": 0.067476,
    "timer_frequency": 1870,
    "average_sending_rate": 1882.14,
    "signal_source_mode": 2,
    "signal_source": "n7s12",
    "received_count": 127,
    "total_packets": 127,
    "received_percentage": 100.0,
    "program start time": "2025-02-21 17:54:55",
    "sending start time": "2025-02-21 17:54:59",
    "collecting start time": "2025-02-21 17:55:02"
}