{
    "experiment_sequence": 6035,
    "start_time": 10146.29385,
    "end_time": 10146.362873,
    "total_time": 0.069022,
    "timer_frequency": 1830,
    "average_sending_rate": 1839.98,
    "signal_source_mode": 2,
    "signal_source": "n7s12",
    "received_count": 127,
    "total_packets": 127,
    "received_percentage": 100.0,
    "program start time": "2025-02-21 18:03:00",
    "sending start time": "2025-02-21 18:03:00",
    "collecting start time": "2025-02-21 18:03:03"
}