{
    "experiment_sequence": 20048,
    "start_time": 60212.844784,
    "end_time": 60212.921393,
    "total_time": 0.076609,
    "timer_frequency": 1765,
    "average_sending_rate": 1657.78,
    "signal_source_mode": 2,
    "signal_source": "n7s12",
    "received_count": 127,
    "total_packets": 127,
    "received_percentage": 100.0,
    "program start time": "2025-01-23 16:31:37",
    "sending start time": "2025-01-23 16:31:37",
    "collecting start time": "2025-01-23 16:31:40"
}