{
    "experiment_sequence": 4055,
    "start_time": 141677.884644,
    "end_time": 141677.957551,
    "total_time": 0.072908,
    "timer_frequency": 1730,
    "average_sending_rate": 1741.93,
    "signal_source_mode": 2,
    "signal_source": "n7s12",
    "received_count": 127,
    "total_packets": 127,
    "received_percentage": 100.0,
    "program start time": "2025-01-18 02:57:00",
    "sending start time": "2025-01-18 02:57:00",
    "collecting start time": "2025-01-18 02:57:03"
}