{
    "experiment_sequence": 4053,
    "start_time": 141557.884732,
    "end_time": 141557.957224,
    "total_time": 0.072492,
    "timer_frequency": 1740,
    "average_sending_rate": 1751.91,
    "signal_source_mode": 2,
    "signal_source": "n7s12",
    "received_count": 127,
    "total_packets": 127,
    "received_percentage": 100.0,
    "program start time": "2025-01-18 02:55:00",
    "sending start time": "2025-01-18 02:55:00",
    "collecting start time": "2025-01-18 02:55:03"
}