{
    "experiment_sequence": 20063,
    "start_time": 489903.088108,
    "end_time": 489903.162717,
    "total_time": 0.074609,
    "timer_frequency": 1690,
    "average_sending_rate": 1702.21,
    "signal_source_mode": 2,
    "signal_source": "n7s12",
    "received_count": 127,
    "total_packets": 127,
    "received_percentage": 100.0,
    "program start time": "2025-01-21 14:32:00",
    "sending start time": "2025-01-21 14:32:00",
    "collecting start time": "2025-01-21 14:32:03"
}