{
    "experiment_sequence": 1034,
    "start_time": 65269.223219,
    "end_time": 65269.834236,
    "total_time": 0.611017,
    "timer_frequency": 835,
    "average_sending_rate": 836.31,
    "signal_source_mode": 2,
    "signal_source": "n9s12",
    "received_count": 511,
    "total_packets": 511,
    "received_percentage": 100.0,
    "program start time": "2025-01-13 16:33:55",
    "sending start time": "2025-01-13 16:34:00",
    "collecting start time": "2025-01-13 16:34:03"
}