{
    "experiment_sequence": 2049,
    "start_time": 8117.884812,
    "end_time": 8117.956513,
    "total_time": 0.071701,
    "timer_frequency": 1760,
    "average_sending_rate": 1771.23,
    "signal_source_mode": 2,
    "signal_source": "n7s12",
    "received_count": 127,
    "total_packets": 127,
    "received_percentage": 100.0,
    "program start time": "2025-01-16 13:51:00",
    "sending start time": "2025-01-16 13:51:00",
    "collecting start time": "2025-01-16 13:51:03"
}