{
    "experiment_sequence": 8033,
    "start_time": 6504.757986,
    "end_time": 6505.31471,
    "total_time": 0.556724,
    "timer_frequency": 1840,
    "average_sending_rate": 1837.53,
    "signal_source_mode": 2,
    "signal_source": "n10s12",
    "received_count": 1023,
    "total_packets": 1023,
    "received_percentage": 100.0,
    "program start time": "2025-01-03 19:10:55",
    "sending start time": "2025-01-03 19:10:59",
    "collecting start time": "2025-01-03 19:11:03"
}