{
    "experiment_sequence": 4009,
    "start_time": 270058.817795,
    "end_time": 270058.882179,
    "total_time": 0.064384,
    "timer_frequency": 1960,
    "average_sending_rate": 1972.54,
    "signal_source_mode": 2,
    "signal_source": "n7s12",
    "received_count": 127,
    "total_packets": 127,
    "received_percentage": 100.0,
    "program start time": "2025-01-18 02:10:55",
    "sending start time": "2025-01-18 02:11:00",
    "collecting start time": "2025-01-18 02:11:03"
}