{
    "experiment_sequence": 6006,
    "start_time": 6082.672968,
    "end_time": 6082.736859,
    "total_time": 0.063891,
    "timer_frequency": 1975,
    "average_sending_rate": 1987.76,
    "signal_source_mode": 2,
    "signal_source": "n7s12",
    "received_count": 127,
    "total_packets": 127,
    "received_percentage": 100.0,
    "program start time": "2025-02-21 17:33:55",
    "sending start time": "2025-02-21 17:33:59",
    "collecting start time": "2025-02-21 17:34:02"
}