{
    "experiment_sequence": 1009,
    "start_time": 63769.221849,
    "end_time": 63769.753326,
    "total_time": 0.531477,
    "timer_frequency": 960,
    "average_sending_rate": 961.47,
    "signal_source_mode": 2,
    "signal_source": "n9s12",
    "received_count": 511,
    "total_packets": 511,
    "received_percentage": 100.0,
    "program start time": "2025-01-13 16:08:55",
    "sending start time": "2025-01-13 16:09:00",
    "collecting start time": "2025-01-13 16:09:03"
}