{
    "experiment_sequence": 4003,
    "start_time": 269698.818161,
    "end_time": 269698.881573,
    "total_time": 0.063412,
    "timer_frequency": 1990,
    "average_sending_rate": 2002.77,
    "signal_source_mode": 2,
    "signal_source": "n7s12",
    "received_count": 127,
    "total_packets": 127,
    "received_percentage": 100.0,
    "program start time": "2025-01-18 02:04:55",
    "sending start time": "2025-01-18 02:05:00",
    "collecting start time": "2025-01-18 02:05:03"
}