{
    "experiment_sequence": 20047,
    "start_time": 488943.088375,
    "end_time": 488943.159691,
    "total_time": 0.071315,
    "timer_frequency": 1770,
    "average_sending_rate": 1780.82,
    "signal_source_mode": 2,
    "signal_source": "n7s12",
    "received_count": 127,
    "total_packets": 127,
    "received_percentage": 100.0,
    "program start time": "2025-01-21 14:16:00",
    "sending start time": "2025-01-21 14:16:00",
    "collecting start time": "2025-01-21 14:16:03"
}