{
    "experiment_sequence": 8021,
    "start_time": 5784.762644,
    "end_time": 5785.301469,
    "total_time": 0.538825,
    "timer_frequency": 1900,
    "average_sending_rate": 1898.57,
    "signal_source_mode": 2,
    "signal_source": "n10s12",
    "received_count": 1023,
    "total_packets": 1023,
    "received_percentage": 100.0,
    "program start time": "2025-01-03 18:58:55",
    "sending start time": "2025-01-03 18:58:59",
    "collecting start time": "2025-01-03 18:59:03"
}