{
    "experiment_sequence": 8030,
    "start_time": 6324.758533,
    "end_time": 6325.31147,
    "total_time": 0.552937,
    "timer_frequency": 1855,
    "average_sending_rate": 1850.12,
    "signal_source_mode": 2,
    "signal_source": "n10s12",
    "received_count": 1023,
    "total_packets": 1023,
    "received_percentage": 100.0,
    "program start time": "2025-01-03 19:07:55",
    "sending start time": "2025-01-03 19:07:59",
    "collecting start time": "2025-01-03 19:08:03"
}