{
    "experiment_sequence": 6057,
    "start_time": 11466.29452,
    "end_time": 11466.367853,
    "total_time": 0.073332,
    "timer_frequency": 1720,
    "average_sending_rate": 1731.84,
    "signal_source_mode": 2,
    "signal_source": "n7s12",
    "received_count": 127,
    "total_packets": 127,
    "received_percentage": 100.0,
    "program start time": "2025-02-21 18:25:00",
    "sending start time": "2025-02-21 18:25:00",
    "collecting start time": "2025-02-21 18:25:03"
}