{
    "experiment_sequence": 4016,
    "start_time": 270478.817616,
    "end_time": 270478.88317,
    "total_time": 0.065554,
    "timer_frequency": 1925,
    "average_sending_rate": 1937.34,
    "signal_source_mode": 2,
    "signal_source": "n7s12",
    "received_count": 127,
    "total_packets": 127,
    "received_percentage": 100.0,
    "program start time": "2025-01-18 02:17:55",
    "sending start time": "2025-01-18 02:18:00",
    "collecting start time": "2025-01-18 02:18:03"
}