{
    "experiment_sequence": 6061,
    "start_time": 11706.293719,
    "end_time": 11706.36792,
    "total_time": 0.074201,
    "timer_frequency": 1700,
    "average_sending_rate": 1711.57,
    "signal_source_mode": 2,
    "signal_source": "n7s12",
    "received_count": 127,
    "total_packets": 127,
    "received_percentage": 100.0,
    "program start time": "2025-02-21 18:29:00",
    "sending start time": "2025-02-21 18:29:00",
    "collecting start time": "2025-02-21 18:29:03"
}