{
    "experiment_sequence": 4037,
    "start_time": 271738.819676,
    "end_time": 271738.889008,
    "total_time": 0.069332,
    "timer_frequency": 1820,
    "average_sending_rate": 1831.77,
    "signal_source_mode": 2,
    "signal_source": "n7s12",
    "received_count": 127,
    "total_packets": 127,
    "received_percentage": 100.0,
    "program start time": "2025-01-18 02:38:55",
    "sending start time": "2025-01-18 02:39:00",
    "collecting start time": "2025-01-18 02:39:03"
}