{
    "experiment_sequence": 1013,
    "start_time": 64009.222626,
    "end_time": 64009.765408,
    "total_time": 0.542782,
    "timer_frequency": 940,
    "average_sending_rate": 941.45,
    "signal_source_mode": 2,
    "signal_source": "n9s12",
    "received_count": 511,
    "total_packets": 511,
    "received_percentage": 100.0,
    "program start time": "2025-01-13 16:12:55",
    "sending start time": "2025-01-13 16:13:00",
    "collecting start time": "2025-01-13 16:13:03"
}