{
    "experiment_sequence": 8014,
    "start_time": 2670.884974,
    "end_time": 2671.413291,
    "total_time": 0.528317,
    "timer_frequency": 1935,
    "average_sending_rate": 1936.34,
    "signal_source_mode": 2,
    "signal_source": "n10s12",
    "received_count": 1023,
    "total_packets": 1023,
    "received_percentage": 100.0,
    "program start time": "2025-01-03 18:52:00",
    "sending start time": "2025-01-03 18:52:00",
    "collecting start time": "2025-01-03 18:52:03"
}