{
    "experiment_sequence": 6058,
    "start_time": 11526.293925,
    "end_time": 11526.367557,
    "total_time": 0.073632,
    "timer_frequency": 1715,
    "average_sending_rate": 1724.79,
    "signal_source_mode": 2,
    "signal_source": "n7s12",
    "received_count": 127,
    "total_packets": 127,
    "received_percentage": 100.0,
    "program start time": "2025-02-21 18:26:00",
    "sending start time": "2025-02-21 18:26:00",
    "collecting start time": "2025-02-21 18:26:03"
}