{
    "experiment_sequence": 8002,
    "start_time": 4644.761192,
    "end_time": 4645.277238,
    "total_time": 0.516046,
    "timer_frequency": 1995,
    "average_sending_rate": 1982.38,
    "signal_source_mode": 2,
    "signal_source": "n10s12",
    "received_count": 1023,
    "total_packets": 1023,
    "received_percentage": 100.0,
    "program start time": "2025-01-03 18:39:55",
    "sending start time": "2025-01-03 18:39:59",
    "collecting start time": "2025-01-03 18:40:03"
}