{
    "experiment_sequence": 20037,
    "start_time": 488343.087369,
    "end_time": 488343.156903,
    "total_time": 0.069534,
    "timer_frequency": 1820,
    "average_sending_rate": 1826.44,
    "signal_source_mode": 2,
    "signal_source": "n7s12",
    "received_count": 127,
    "total_packets": 127,
    "received_percentage": 100.0,
    "program start time": "2025-01-21 14:06:00",
    "sending start time": "2025-01-21 14:06:00",
    "collecting start time": "2025-01-21 14:06:03"
}