{
    "experiment_sequence": 2044,
    "start_time": 7817.884682,
    "end_time": 7817.955355,
    "total_time": 0.070673,
    "timer_frequency": 1785,
    "average_sending_rate": 1797.02,
    "signal_source_mode": 2,
    "signal_source": "n7s12",
    "received_count": 127,
    "total_packets": 127,
    "received_percentage": 100.0,
    "program start time": "2025-01-16 13:46:00",
    "sending start time": "2025-01-16 13:46:00",
    "collecting start time": "2025-01-16 13:46:03"
}