{
    "experiment_sequence": 20011,
    "start_time": 486783.08609,
    "end_time": 486783.151078,
    "total_time": 0.064988,
    "timer_frequency": 1950,
    "average_sending_rate": 1954.21,
    "signal_source_mode": 2,
    "signal_source": "n7s12",
    "received_count": 127,
    "total_packets": 127,
    "received_percentage": 100.0,
    "program start time": "2025-01-21 13:40:00",
    "sending start time": "2025-01-21 13:40:00",
    "collecting start time": "2025-01-21 13:40:03"
}