{
    "experiment_sequence": 1006,
    "start_time": 85831.863005,
    "end_time": 85832.386182,
    "total_time": 0.523178,
    "timer_frequency": 975,
    "average_sending_rate": 976.72,
    "signal_source_mode": 2,
    "signal_source": "n9s12",
    "received_count": 511,
    "total_packets": 511,
    "received_percentage": 100.0,
    "program start time": "2025-01-13 16:06:00",
    "sending start time": "2025-01-13 16:06:00",
    "collecting start time": "2025-01-13 16:06:03"
}