{
    "experiment_sequence": 2031,
    "start_time": 138178.812151,
    "end_time": 138178.880353,
    "total_time": 0.068203,
    "timer_frequency": 1850,
    "average_sending_rate": 1862.1,
    "signal_source_mode": 2,
    "signal_source": "n7s12",
    "received_count": 127,
    "total_packets": 127,
    "received_percentage": 100.0,
    "program start time": "2025-01-16 13:32:55",
    "sending start time": "2025-01-16 13:33:00",
    "collecting start time": "2025-01-16 13:33:03"
}