{
    "experiment_sequence": 6026,
    "start_time": 7282.672009,
    "end_time": 7282.739308,
    "total_time": 0.067298,
    "timer_frequency": 1875,
    "average_sending_rate": 1887.12,
    "signal_source_mode": 2,
    "signal_source": "n7s12",
    "received_count": 127,
    "total_packets": 127,
    "received_percentage": 100.0,
    "program start time": "2025-02-21 17:53:55",
    "sending start time": "2025-02-21 17:53:59",
    "collecting start time": "2025-02-21 17:54:02"
}