{
    "experiment_sequence": 26005,
    "start_time": 157556.997394,
    "end_time": 157557.061082,
    "total_time": 0.063689,
    "timer_frequency": 1980,
    "average_sending_rate": 1994.07,
    "signal_source_mode": 2,
    "signal_source": "n7s12",
    "received_count": 127,
    "total_packets": 127,
    "received_percentage": 100.0,
    "program start time": "2025-01-27 16:42:55",
    "sending start time": "2025-01-27 16:43:00",
    "collecting start time": "2025-01-27 16:43:03"
}