{
    "experiment_sequence": 2027,
    "start_time": 6797.884778,
    "end_time": 6797.952243,
    "total_time": 0.067465,
    "timer_frequency": 1870,
    "average_sending_rate": 1882.45,
    "signal_source_mode": 2,
    "signal_source": "n7s12",
    "received_count": 127,
    "total_packets": 127,
    "received_percentage": 100.0,
    "program start time": "2025-01-16 13:29:00",
    "sending start time": "2025-01-16 13:29:00",
    "collecting start time": "2025-01-16 13:29:03"
}