{
    "experiment_sequence": 4045,
    "start_time": 141077.884756,
    "end_time": 141077.955625,
    "total_time": 0.070869,
    "timer_frequency": 1780,
    "average_sending_rate": 1792.05,
    "signal_source_mode": 2,
    "signal_source": "n7s12",
    "received_count": 127,
    "total_packets": 127,
    "received_percentage": 100.0,
    "program start time": "2025-01-18 02:47:00",
    "sending start time": "2025-01-18 02:47:00",
    "collecting start time": "2025-01-18 02:47:03"
}