{
    "experiment_sequence": 1043,
    "start_time": 88051.863143,
    "end_time": 88052.508828,
    "total_time": 0.645685,
    "timer_frequency": 790,
    "average_sending_rate": 791.41,
    "signal_source_mode": 2,
    "signal_source": "n9s12",
    "received_count": 511,
    "total_packets": 511,
    "received_percentage": 100.0,
    "program start time": "2025-01-13 16:43:00",
    "sending start time": "2025-01-13 16:43:00",
    "collecting start time": "2025-01-13 16:43:03"
}