{
    "experiment_sequence": 1030,
    "start_time": 65029.222464,
    "end_time": 65029.819179,
    "total_time": 0.596715,
    "timer_frequency": 855,
    "average_sending_rate": 856.35,
    "signal_source_mode": 2,
    "signal_source": "n9s12",
    "received_count": 511,
    "total_packets": 511,
    "received_percentage": 100.0,
    "program start time": "2025-01-13 16:29:55",
    "sending start time": "2025-01-13 16:30:00",
    "collecting start time": "2025-01-13 16:30:03"
}