{
    "experiment_sequence": 8034,
    "start_time": 3870.883981,
    "end_time": 3871.441131,
    "total_time": 0.557151,
    "timer_frequency": 1835,
    "average_sending_rate": 1836.13,
    "signal_source_mode": 2,
    "signal_source": "n10s12",
    "received_count": 1023,
    "total_packets": 1023,
    "received_percentage": 100.0,
    "program start time": "2025-01-03 19:12:00",
    "sending start time": "2025-01-03 19:12:00",
    "collecting start time": "2025-01-03 19:12:03"
}