{
    "experiment_sequence": 8026,
    "start_time": 3390.883936,
    "end_time": 3391.42914,
    "total_time": 0.545203,
    "timer_frequency": 1875,
    "average_sending_rate": 1876.36,
    "signal_source_mode": 2,
    "signal_source": "n10s12",
    "received_count": 1023,
    "total_packets": 1023,
    "received_percentage": 100.0,
    "program start time": "2025-01-03 19:04:00",
    "sending start time": "2025-01-03 19:04:00",
    "collecting start time": "2025-01-03 19:04:03"
}