{
    "experiment_sequence": 1016,
    "start_time": 86431.863157,
    "end_time": 86432.414604,
    "total_time": 0.551448,
    "timer_frequency": 925,
    "average_sending_rate": 926.65,
    "signal_source_mode": 2,
    "signal_source": "n9s12",
    "received_count": 511,
    "total_packets": 511,
    "received_percentage": 100.0,
    "program start time": "2025-01-13 16:16:00",
    "sending start time": "2025-01-13 16:16:00",
    "collecting start time": "2025-01-13 16:16:03"
}