{
    "experiment_sequence": 8038,
    "start_time": 6804.755921,
    "end_time": 6805.320909,
    "total_time": 0.564988,
    "timer_frequency": 1815,
    "average_sending_rate": 1810.66,
    "signal_source_mode": 2,
    "signal_source": "n10s12",
    "received_count": 1023,
    "total_packets": 1023,
    "received_percentage": 100.0,
    "program start time": "2025-01-03 19:15:55",
    "sending start time": "2025-01-03 19:15:59",
    "collecting start time": "2025-01-03 19:16:03"
}