{
    "experiment_sequence": 2020,
    "start_time": 6377.884971,
    "end_time": 6377.951236,
    "total_time": 0.066266,
    "timer_frequency": 1905,
    "average_sending_rate": 1916.53,
    "signal_source_mode": 2,
    "signal_source": "n7s12",
    "received_count": 127,
    "total_packets": 127,
    "received_percentage": 100.0,
    "program start time": "2025-01-16 13:22:00",
    "sending start time": "2025-01-16 13:22:00",
    "collecting start time": "2025-01-16 13:22:03"
}