{
    "experiment_sequence": 4040,
    "start_time": 271918.819678,
    "end_time": 271918.889585,
    "total_time": 0.069907,
    "timer_frequency": 1805,
    "average_sending_rate": 1816.7,
    "signal_source_mode": 2,
    "signal_source": "n7s12",
    "received_count": 127,
    "total_packets": 127,
    "received_percentage": 100.0,
    "program start time": "2025-01-18 02:41:55",
    "sending start time": "2025-01-18 02:42:00",
    "collecting start time": "2025-01-18 02:42:03"
}