{
    "experiment_sequence": 8037,
    "start_time": 4050.884119,
    "end_time": 4051.44585,
    "total_time": 0.561732,
    "timer_frequency": 1820,
    "average_sending_rate": 1821.15,
    "signal_source_mode": 2,
    "signal_source": "n10s12",
    "received_count": 1023,
    "total_packets": 1023,
    "received_percentage": 100.0,
    "program start time": "2025-01-03 19:15:00",
    "sending start time": "2025-01-03 19:15:00",
    "collecting start time": "2025-01-03 19:15:03"
}