{
    "experiment_sequence": 2049,
    "start_time": 139258.810537,
    "end_time": 139258.882219,
    "total_time": 0.071683,
    "timer_frequency": 1760,
    "average_sending_rate": 1771.7,
    "signal_source_mode": 2,
    "signal_source": "n7s12",
    "received_count": 127,
    "total_packets": 127,
    "received_percentage": 100.0,
    "program start time": "2025-01-16 13:50:55",
    "sending start time": "2025-01-16 13:50:59",
    "collecting start time": "2025-01-16 13:51:03"
}