{
    "experiment_sequence": 4059,
    "start_time": 141917.884615,
    "end_time": 141917.958378,
    "total_time": 0.073762,
    "timer_frequency": 1710,
    "average_sending_rate": 1721.75,
    "signal_source_mode": 2,
    "signal_source": "n7s12",
    "received_count": 127,
    "total_packets": 127,
    "received_percentage": 100.0,
    "program start time": "2025-01-18 03:01:00",
    "sending start time": "2025-01-18 03:01:00",
    "collecting start time": "2025-01-18 03:01:03"
}