{
    "experiment_sequence": 8003,
    "start_time": 2010.884195,
    "end_time": 2011.399049,
    "total_time": 0.514855,
    "timer_frequency": 1990,
    "average_sending_rate": 1986.97,
    "signal_source_mode": 2,
    "signal_source": "n10s12",
    "received_count": 1023,
    "total_packets": 1023,
    "received_percentage": 100.0,
    "program start time": "2025-01-03 18:41:00",
    "sending start time": "2025-01-03 18:41:00",
    "collecting start time": "2025-01-03 18:41:03"
}