{
    "experiment_sequence": 6059,
    "start_time": 11586.293878,
    "end_time": 11586.367654,
    "total_time": 0.073776,
    "timer_frequency": 1710,
    "average_sending_rate": 1721.43,
    "signal_source_mode": 2,
    "signal_source": "n7s12",
    "received_count": 127,
    "total_packets": 127,
    "received_percentage": 100.0,
    "program start time": "2025-02-21 18:27:00",
    "sending start time": "2025-02-21 18:27:00",
    "collecting start time": "2025-02-21 18:27:03"
}