{
    "experiment_sequence": 8059,
    "start_time": 5370.882744,
    "end_time": 5371.480551,
    "total_time": 0.597807,
    "timer_frequency": 1710,
    "average_sending_rate": 1711.26,
    "signal_source_mode": 2,
    "signal_source": "n10s12",
    "received_count": 1023,
    "total_packets": 1023,
    "received_percentage": 100.0,
    "program start time": "2025-01-03 19:37:00",
    "sending start time": "2025-01-03 19:37:00",
    "collecting start time": "2025-01-03 19:37:03"
}