{
    "experiment_sequence": 4006,
    "start_time": 269878.818976,
    "end_time": 269878.882872,
    "total_time": 0.063896,
    "timer_frequency": 1975,
    "average_sending_rate": 1987.59,
    "signal_source_mode": 2,
    "signal_source": "n7s12",
    "received_count": 127,
    "total_packets": 127,
    "received_percentage": 100.0,
    "program start time": "2025-01-18 02:07:55",
    "sending start time": "2025-01-18 02:08:00",
    "collecting start time": "2025-01-18 02:08:03"
}