{
    "experiment_sequence": 2010,
    "start_time": 136918.798195,
    "end_time": 136918.862715,
    "total_time": 0.06452,
    "timer_frequency": 1955,
    "average_sending_rate": 1968.39,
    "signal_source_mode": 2,
    "signal_source": "n7s12",
    "received_count": 127,
    "total_packets": 127,
    "received_percentage": 100.0,
    "program start time": "2025-01-16 13:11:57",
    "sending start time": "2025-01-16 13:11:59",
    "collecting start time": "2025-01-16 13:12:03"
}