{
    "experiment_sequence": 8042,
    "start_time": 4350.881822,
    "end_time": 4351.451521,
    "total_time": 0.569699,
    "timer_frequency": 1795,
    "average_sending_rate": 1795.68,
    "signal_source_mode": 2,
    "signal_source": "n10s12",
    "received_count": 1023,
    "total_packets": 1023,
    "received_percentage": 100.0,
    "program start time": "2025-01-03 19:20:00",
    "sending start time": "2025-01-03 19:20:00",
    "collecting start time": "2025-01-03 19:20:03"
}