{
    "experiment_sequence": 8040,
    "start_time": 6924.759074,
    "end_time": 6925.327627,
    "total_time": 0.568553,
    "timer_frequency": 1805,
    "average_sending_rate": 1799.31,
    "signal_source_mode": 2,
    "signal_source": "n10s12",
    "received_count": 1023,
    "total_packets": 1023,
    "received_percentage": 100.0,
    "program start time": "2025-01-03 19:17:55",
    "sending start time": "2025-01-03 19:17:59",
    "collecting start time": "2025-01-03 19:18:03"
}