{
    "experiment_sequence": 8039,
    "start_time": 4170.881923,
    "end_time": 4171.446687,
    "total_time": 0.564763,
    "timer_frequency": 1810,
    "average_sending_rate": 1811.38,
    "signal_source_mode": 2,
    "signal_source": "n10s12",
    "received_count": 1023,
    "total_packets": 1023,
    "received_percentage": 100.0,
    "program start time": "2025-01-03 19:17:00",
    "sending start time": "2025-01-03 19:17:00",
    "collecting start time": "2025-01-03 19:17:03"
}