{
    "experiment_sequence": 6034,
    "start_time": 7762.671953,
    "end_time": 7762.740715,
    "total_time": 0.068763,
    "timer_frequency": 1835,
    "average_sending_rate": 1846.94,
    "signal_source_mode": 2,
    "signal_source": "n7s12",
    "received_count": 127,
    "total_packets": 127,
    "received_percentage": 100.0,
    "program start time": "2025-02-21 18:01:55",
    "sending start time": "2025-02-21 18:02:00",
    "collecting start time": "2025-02-21 18:02:03"
}