{
    "experiment_sequence": 20008,
    "start_time": 230959.490133,
    "end_time": 230959.554499,
    "total_time": 0.064366,
    "timer_frequency": 1965,
    "average_sending_rate": 1973.08,
    "signal_source_mode": 2,
    "signal_source": "n7s12",
    "received_count": 127,
    "total_packets": 127,
    "received_percentage": 100.0,
    "program start time": "2025-01-21 13:36:55",
    "sending start time": "2025-01-21 13:37:00",
    "collecting start time": "2025-01-21 13:37:03"
}