{
    "experiment_sequence": 2048,
    "start_time": 139198.810881,
    "end_time": 139198.882363,
    "total_time": 0.071482,
    "timer_frequency": 1765,
    "average_sending_rate": 1776.67,
    "signal_source_mode": 2,
    "signal_source": "n7s12",
    "received_count": 127,
    "total_packets": 127,
    "received_percentage": 100.0,
    "program start time": "2025-01-16 13:49:55",
    "sending start time": "2025-01-16 13:49:59",
    "collecting start time": "2025-01-16 13:50:03"
}