{
    "experiment_sequence": 6038,
    "start_time": 10326.293995,
    "end_time": 10326.36349,
    "total_time": 0.069495,
    "timer_frequency": 1815,
    "average_sending_rate": 1827.47,
    "signal_source_mode": 2,
    "signal_source": "n7s12",
    "received_count": 127,
    "total_packets": 127,
    "received_percentage": 100.0,
    "program start time": "2025-02-21 18:06:00",
    "sending start time": "2025-02-21 18:06:00",
    "collecting start time": "2025-02-21 18:06:03"
}