{
    "experiment_sequence": 8016,
    "start_time": 2790.884158,
    "end_time": 2791.415295,
    "total_time": 0.531137,
    "timer_frequency": 1925,
    "average_sending_rate": 1926.06,
    "signal_source_mode": 2,
    "signal_source": "n10s12",
    "received_count": 1023,
    "total_packets": 1023,
    "received_percentage": 100.0,
    "program start time": "2025-01-03 18:54:00",
    "sending start time": "2025-01-03 18:54:00",
    "collecting start time": "2025-01-03 18:54:03"
}