{
    "experiment_sequence": 1045,
    "start_time": 88171.863137,
    "end_time": 88172.517075,
    "total_time": 0.653938,
    "timer_frequency": 780,
    "average_sending_rate": 781.42,
    "signal_source_mode": 2,
    "signal_source": "n9s12",
    "received_count": 511,
    "total_packets": 511,
    "received_percentage": 100.0,
    "program start time": "2025-01-13 16:45:00",
    "sending start time": "2025-01-13 16:45:00",
    "collecting start time": "2025-01-13 16:45:03"
}