{
    "experiment_sequence": 6051,
    "start_time": 11106.293741,
    "end_time": 11106.365817,
    "total_time": 0.072076,
    "timer_frequency": 1750,
    "average_sending_rate": 1762.03,
    "signal_source_mode": 2,
    "signal_source": "n7s12",
    "received_count": 127,
    "total_packets": 127,
    "received_percentage": 100.0,
    "program start time": "2025-02-21 18:19:00",
    "sending start time": "2025-02-21 18:19:00",
    "collecting start time": "2025-02-21 18:19:03"
}