{
    "experiment_sequence": 1027,
    "start_time": 64849.222846,
    "end_time": 64849.809275,
    "total_time": 0.586429,
    "timer_frequency": 870,
    "average_sending_rate": 871.38,
    "signal_source_mode": 2,
    "signal_source": "n9s12",
    "received_count": 511,
    "total_packets": 511,
    "received_percentage": 100.0,
    "program start time": "2025-01-13 16:26:55",
    "sending start time": "2025-01-13 16:27:00",
    "collecting start time": "2025-01-13 16:27:03"
}