{
    "experiment_sequence": 6037,
    "start_time": 10266.293959,
    "end_time": 10266.363271,
    "total_time": 0.069312,
    "timer_frequency": 1820,
    "average_sending_rate": 1832.3,
    "signal_source_mode": 2,
    "signal_source": "n7s12",
    "received_count": 127,
    "total_packets": 127,
    "received_percentage": 100.0,
    "program start time": "2025-02-21 18:05:00",
    "sending start time": "2025-02-21 18:05:00",
    "collecting start time": "2025-02-21 18:05:03"
}