{
    "experiment_sequence": 8022,
    "start_time": 3150.885315,
    "end_time": 3151.424774,
    "total_time": 0.539458,
    "timer_frequency": 1895,
    "average_sending_rate": 1896.35,
    "signal_source_mode": 2,
    "signal_source": "n10s12",
    "received_count": 1023,
    "total_packets": 1023,
    "received_percentage": 100.0,
    "program start time": "2025-01-03 19:00:00",
    "sending start time": "2025-01-03 19:00:00",
    "collecting start time": "2025-01-03 19:00:03"
}