{
    "experiment_sequence": 2032,
    "start_time": 138238.812276,
    "end_time": 138238.880667,
    "total_time": 0.068391,
    "timer_frequency": 1845,
    "average_sending_rate": 1856.97,
    "signal_source_mode": 2,
    "signal_source": "n7s12",
    "received_count": 127,
    "total_packets": 127,
    "received_percentage": 100.0,
    "program start time": "2025-01-16 13:33:55",
    "sending start time": "2025-01-16 13:34:00",
    "collecting start time": "2025-01-16 13:34:03"
}