{
    "experiment_sequence": 20054,
    "start_time": 233719.490171,
    "end_time": 233719.562829,
    "total_time": 0.072658,
    "timer_frequency": 1735,
    "average_sending_rate": 1747.91,
    "signal_source_mode": 2,
    "signal_source": "n7s12",
    "received_count": 127,
    "total_packets": 127,
    "received_percentage": 100.0,
    "program start time": "2025-01-21 14:22:55",
    "sending start time": "2025-01-21 14:23:00",
    "collecting start time": "2025-01-21 14:23:03"
}