{
    "experiment_sequence": 8005,
    "start_time": 4824.761772,
    "end_time": 4825.279051,
    "total_time": 0.517279,
    "timer_frequency": 1980,
    "average_sending_rate": 1977.66,
    "signal_source_mode": 2,
    "signal_source": "n10s12",
    "received_count": 1023,
    "total_packets": 1023,
    "received_percentage": 100.0,
    "program start time": "2025-01-03 18:42:55",
    "sending start time": "2025-01-03 18:42:59",
    "collecting start time": "2025-01-03 18:43:03"
}