{
    "experiment_sequence": 20033,
    "start_time": 488103.087111,
    "end_time": 488103.155885,
    "total_time": 0.068775,
    "timer_frequency": 1840,
    "average_sending_rate": 1846.61,
    "signal_source_mode": 2,
    "signal_source": "n7s12",
    "received_count": 127,
    "total_packets": 127,
    "received_percentage": 100.0,
    "program start time": "2025-01-21 14:02:00",
    "sending start time": "2025-01-21 14:02:00",
    "collecting start time": "2025-01-21 14:02:03"
}