{
    "experiment_sequence": 26026,
    "start_time": 156897.007558,
    "end_time": 156897.074801,
    "total_time": 0.067243,
    "timer_frequency": 1875,
    "average_sending_rate": 1888.68,
    "signal_source_mode": 2,
    "signal_source": "n7s12",
    "received_count": 127,
    "total_packets": 127,
    "received_percentage": 100.0,
    "program start time": "2025-01-27 16:31:55",
    "sending start time": "2025-01-27 16:32:00",
    "collecting start time": "2025-01-27 16:32:03"
}