{
    "experiment_sequence": 6049,
    "start_time": 8662.672836,
    "end_time": 8662.744524,
    "total_time": 0.071688,
    "timer_frequency": 1760,
    "average_sending_rate": 1771.57,
    "signal_source_mode": 2,
    "signal_source": "n7s12",
    "received_count": 127,
    "total_packets": 127,
    "received_percentage": 100.0,
    "program start time": "2025-02-21 18:16:55",
    "sending start time": "2025-02-21 18:17:00",
    "collecting start time": "2025-02-21 18:17:03"
}