{
    "experiment_sequence": 6050,
    "start_time": 8722.672768,
    "end_time": 8722.744653,
    "total_time": 0.071885,
    "timer_frequency": 1755,
    "average_sending_rate": 1766.71,
    "signal_source_mode": 2,
    "signal_source": "n7s12",
    "received_count": 127,
    "total_packets": 127,
    "received_percentage": 100.0,
    "program start time": "2025-02-21 18:17:55",
    "sending start time": "2025-02-21 18:18:00",
    "collecting start time": "2025-02-21 18:18:03"
}