{
    "experiment_sequence": 8057,
    "start_time": 5250.884065,
    "end_time": 5251.478398,
    "total_time": 0.594334,
    "timer_frequency": 1720,
    "average_sending_rate": 1721.26,
    "signal_source_mode": 2,
    "signal_source": "n10s12",
    "received_count": 1023,
    "total_packets": 1023,
    "received_percentage": 100.0,
    "program start time": "2025-01-03 19:35:00",
    "sending start time": "2025-01-03 19:35:00",
    "collecting start time": "2025-01-03 19:35:03"
}