{
    "experiment_sequence": 8032,
    "start_time": 6444.760354,
    "end_time": 6445.316549,
    "total_time": 0.556195,
    "timer_frequency": 1845,
    "average_sending_rate": 1839.28,
    "signal_source_mode": 2,
    "signal_source": "n10s12",
    "received_count": 1023,
    "total_packets": 1023,
    "received_percentage": 100.0,
    "program start time": "2025-01-03 19:09:55",
    "sending start time": "2025-01-03 19:09:59",
    "collecting start time": "2025-01-03 19:10:03"
}