{
    "experiment_sequence": 6037,
    "start_time": 7942.672334,
    "end_time": 7942.741662,
    "total_time": 0.069328,
    "timer_frequency": 1820,
    "average_sending_rate": 1831.86,
    "signal_source_mode": 2,
    "signal_source": "n7s12",
    "received_count": 127,
    "total_packets": 127,
    "received_percentage": 100.0,
    "program start time": "2025-02-21 18:04:55",
    "sending start time": "2025-02-21 18:05:00",
    "collecting start time": "2025-02-21 18:05:03"
}