{
    "experiment_sequence": 1027,
    "start_time": 87091.862985,
    "end_time": 87092.449298,
    "total_time": 0.586313,
    "timer_frequency": 870,
    "average_sending_rate": 871.55,
    "signal_source_mode": 2,
    "signal_source": "n9s12",
    "received_count": 511,
    "total_packets": 511,
    "received_percentage": 100.0,
    "program start time": "2025-01-13 16:27:00",
    "sending start time": "2025-01-13 16:27:00",
    "collecting start time": "2025-01-13 16:27:03"
}