{
    "experiment_sequence": 2001,
    "start_time": 136378.842852,
    "end_time": 136378.90596,
    "total_time": 0.063107,
    "timer_frequency": 2000,
    "average_sending_rate": 2012.44,
    "signal_source_mode": 2,
    "signal_source": "n7s12",
    "received_count": 127,
    "total_packets": 127,
    "received_percentage": 100.0,
    "program start time": "2025-01-16 13:02:55",
    "sending start time": "2025-01-16 13:03:00",
    "collecting start time": "2025-01-16 13:03:03"
}