{
    "experiment_sequence": 20051,
    "start_time": 233539.491927,
    "end_time": 233539.56397,
    "total_time": 0.072043,
    "timer_frequency": 1750,
    "average_sending_rate": 1762.84,
    "signal_source_mode": 2,
    "signal_source": "n7s12",
    "received_count": 127,
    "total_packets": 127,
    "received_percentage": 100.0,
    "program start time": "2025-01-21 14:19:55",
    "sending start time": "2025-01-21 14:20:00",
    "collecting start time": "2025-01-21 14:20:05"
}