{
    "experiment_sequence": 8026,
    "start_time": 6084.761703,
    "end_time": 6085.307979,
    "total_time": 0.546276,
    "timer_frequency": 1875,
    "average_sending_rate": 1872.68,
    "signal_source_mode": 2,
    "signal_source": "n10s12",
    "received_count": 1023,
    "total_packets": 1023,
    "received_percentage": 100.0,
    "program start time": "2025-01-03 19:03:55",
    "sending start time": "2025-01-03 19:03:59",
    "collecting start time": "2025-01-03 19:04:03"
}