{
    "experiment_sequence": 2042,
    "start_time": 138838.811883,
    "end_time": 138838.882166,
    "total_time": 0.070283,
    "timer_frequency": 1795,
    "average_sending_rate": 1806.98,
    "signal_source_mode": 2,
    "signal_source": "n7s12",
    "received_count": 127,
    "total_packets": 127,
    "received_percentage": 100.0,
    "program start time": "2025-01-16 13:43:55",
    "sending start time": "2025-01-16 13:43:59",
    "collecting start time": "2025-01-16 13:44:03"
}