{
    "experiment_sequence": 20060,
    "start_time": 489723.088397,
    "end_time": 489723.162578,
    "total_time": 0.074181,
    "timer_frequency": 1705,
    "average_sending_rate": 1712.02,
    "signal_source_mode": 2,
    "signal_source": "n7s12",
    "received_count": 127,
    "total_packets": 127,
    "received_percentage": 100.0,
    "program start time": "2025-01-21 14:29:00",
    "sending start time": "2025-01-21 14:29:00",
    "collecting start time": "2025-01-21 14:29:03"
}