{
    "experiment_sequence": 1039,
    "start_time": 87811.863421,
    "end_time": 87812.493153,
    "total_time": 0.629731,
    "timer_frequency": 810,
    "average_sending_rate": 811.46,
    "signal_source_mode": 2,
    "signal_source": "n9s12",
    "received_count": 511,
    "total_packets": 511,
    "received_percentage": 100.0,
    "program start time": "2025-01-13 16:39:00",
    "sending start time": "2025-01-13 16:39:00",
    "collecting start time": "2025-01-13 16:39:03"
}