{
    "experiment_sequence": 6032,
    "start_time": 7642.671889,
    "end_time": 7642.740288,
    "total_time": 0.068398,
    "timer_frequency": 1845,
    "average_sending_rate": 1856.77,
    "signal_source_mode": 2,
    "signal_source": "n7s12",
    "received_count": 127,
    "total_packets": 127,
    "received_percentage": 100.0,
    "program start time": "2025-02-21 17:59:55",
    "sending start time": "2025-02-21 18:00:00",
    "collecting start time": "2025-02-21 18:00:03"
}