{
    "experiment_sequence": 8004,
    "start_time": 2070.884274,
    "end_time": 2071.39928,
    "total_time": 0.515006,
    "timer_frequency": 1985,
    "average_sending_rate": 1986.38,
    "signal_source_mode": 2,
    "signal_source": "n10s12",
    "received_count": 1023,
    "total_packets": 1023,
    "received_percentage": 100.0,
    "program start time": "2025-01-03 18:42:00",
    "sending start time": "2025-01-03 18:42:00",
    "collecting start time": "2025-01-03 18:42:03"
}