{
    "experiment_sequence": 20020,
    "start_time": 231679.489266,
    "end_time": 231679.555444,
    "total_time": 0.066178,
    "timer_frequency": 1905,
    "average_sending_rate": 1919.06,
    "signal_source_mode": 2,
    "signal_source": "n7s12",
    "received_count": 127,
    "total_packets": 127,
    "received_percentage": 100.0,
    "program start time": "2025-01-21 13:48:55",
    "sending start time": "2025-01-21 13:49:00",
    "collecting start time": "2025-01-21 13:49:03"
}