{
    "experiment_sequence": 2023,
    "start_time": 137698.808456,
    "end_time": 137698.875217,
    "total_time": 0.066761,
    "timer_frequency": 1890,
    "average_sending_rate": 1902.32,
    "signal_source_mode": 2,
    "signal_source": "n7s12",
    "received_count": 127,
    "total_packets": 127,
    "received_percentage": 100.0,
    "program start time": "2025-01-16 13:24:55",
    "sending start time": "2025-01-16 13:24:59",
    "collecting start time": "2025-01-16 13:25:03"
}