{
    "experiment_sequence": 2003,
    "start_time": 136498.800343,
    "end_time": 136498.863762,
    "total_time": 0.063419,
    "timer_frequency": 1990,
    "average_sending_rate": 2002.54,
    "signal_source_mode": 2,
    "signal_source": "n7s12",
    "received_count": 127,
    "total_packets": 127,
    "received_percentage": 100.0,
    "program start time": "2025-01-16 13:04:55",
    "sending start time": "2025-01-16 13:04:59",
    "collecting start time": "2025-01-16 13:05:03"
}