{
    "experiment_sequence": 20022,
    "start_time": 487443.085429,
    "end_time": 487443.152157,
    "total_time": 0.066728,
    "timer_frequency": 1895,
    "average_sending_rate": 1903.24,
    "signal_source_mode": 2,
    "signal_source": "n7s12",
    "received_count": 127,
    "total_packets": 127,
    "received_percentage": 100.0,
    "program start time": "2025-01-21 13:51:00",
    "sending start time": "2025-01-21 13:51:00",
    "collecting start time": "2025-01-21 13:51:03"
}