{
    "experiment_sequence": 6006,
    "start_time": 8406.294011,
    "end_time": 8406.358174,
    "total_time": 0.064163,
    "timer_frequency": 1975,
    "average_sending_rate": 1979.33,
    "signal_source_mode": 2,
    "signal_source": "n7s12",
    "received_count": 127,
    "total_packets": 127,
    "received_percentage": 100.0,
    "program start time": "2025-02-21 17:34:00",
    "sending start time": "2025-02-21 17:34:00",
    "collecting start time": "2025-02-21 17:34:03"
}