{
    "experiment_sequence": 2055,
    "start_time": 8477.884722,
    "end_time": 8477.957636,
    "total_time": 0.072913,
    "timer_frequency": 1730,
    "average_sending_rate": 1741.79,
    "signal_source_mode": 2,
    "signal_source": "n7s12",
    "received_count": 127,
    "total_packets": 127,
    "received_percentage": 100.0,
    "program start time": "2025-01-16 13:57:00",
    "sending start time": "2025-01-16 13:57:00",
    "collecting start time": "2025-01-16 13:57:03"
}