{
    "experiment_sequence": 4031,
    "start_time": 271378.819701,
    "end_time": 271378.887909,
    "total_time": 0.068209,
    "timer_frequency": 1850,
    "average_sending_rate": 1861.94,
    "signal_source_mode": 2,
    "signal_source": "n7s12",
    "received_count": 127,
    "total_packets": 127,
    "received_percentage": 100.0,
    "program start time": "2025-01-18 02:32:55",
    "sending start time": "2025-01-18 02:33:00",
    "collecting start time": "2025-01-18 02:33:03"
}