{
    "experiment_sequence": 8058,
    "start_time": 5310.884088,
    "end_time": 5311.480228,
    "total_time": 0.59614,
    "timer_frequency": 1715,
    "average_sending_rate": 1716.04,
    "signal_source_mode": 2,
    "signal_source": "n10s12",
    "received_count": 1023,
    "total_packets": 1023,
    "received_percentage": 100.0,
    "program start time": "2025-01-03 19:36:00",
    "sending start time": "2025-01-03 19:36:00",
    "collecting start time": "2025-01-03 19:36:03"
}