{
    "experiment_sequence": 2034,
    "start_time": 7217.885335,
    "end_time": 7217.954098,
    "total_time": 0.068763,
    "timer_frequency": 1835,
    "average_sending_rate": 1846.92,
    "signal_source_mode": 2,
    "signal_source": "n7s12",
    "received_count": 127,
    "total_packets": 127,
    "received_percentage": 100.0,
    "program start time": "2025-01-16 13:36:00",
    "sending start time": "2025-01-16 13:36:00",
    "collecting start time": "2025-01-16 13:36:03"
}