{
    "experiment_sequence": 2060,
    "start_time": 139918.814787,
    "end_time": 139918.888781,
    "total_time": 0.073994,
    "timer_frequency": 1705,
    "average_sending_rate": 1716.36,
    "signal_source_mode": 2,
    "signal_source": "n7s12",
    "received_count": 127,
    "total_packets": 127,
    "received_percentage": 100.0,
    "program start time": "2025-01-16 14:01:55",
    "sending start time": "2025-01-16 14:01:59",
    "collecting start time": "2025-01-16 14:02:03"
}