{
    "experiment_sequence": 8031,
    "start_time": 3690.884858,
    "end_time": 3691.437661,
    "total_time": 0.552802,
    "timer_frequency": 1850,
    "average_sending_rate": 1850.57,
    "signal_source_mode": 2,
    "signal_source": "n10s12",
    "received_count": 1023,
    "total_packets": 1023,
    "received_percentage": 100.0,
    "program start time": "2025-01-03 19:09:00",
    "sending start time": "2025-01-03 19:09:00",
    "collecting start time": "2025-01-03 19:09:03"
}