{
    "experiment_sequence": 8043,
    "start_time": 4410.885348,
    "end_time": 4411.456447,
    "total_time": 0.5711,
    "timer_frequency": 1790,
    "average_sending_rate": 1791.28,
    "signal_source_mode": 2,
    "signal_source": "n10s12",
    "received_count": 1023,
    "total_packets": 1023,
    "received_percentage": 100.0,
    "program start time": "2025-01-03 19:21:00",
    "sending start time": "2025-01-03 19:21:00",
    "collecting start time": "2025-01-03 19:21:03"
}