{
    "experiment_sequence": 8008,
    "start_time": 2310.8842,
    "end_time": 2311.404919,
    "total_time": 0.520719,
    "timer_frequency": 1965,
    "average_sending_rate": 1964.59,
    "signal_source_mode": 2,
    "signal_source": "n10s12",
    "received_count": 1023,
    "total_packets": 1023,
    "received_percentage": 100.0,
    "program start time": "2025-01-03 18:46:00",
    "sending start time": "2025-01-03 18:46:00",
    "collecting start time": "2025-01-03 18:46:03"
}