{
    "experiment_sequence": 8012,
    "start_time": 2550.884066,
    "end_time": 2551.409673,
    "total_time": 0.525608,
    "timer_frequency": 1945,
    "average_sending_rate": 1946.32,
    "signal_source_mode": 2,
    "signal_source": "n10s12",
    "received_count": 1023,
    "total_packets": 1023,
    "received_percentage": 100.0,
    "program start time": "2025-01-03 18:50:00",
    "sending start time": "2025-01-03 18:50:00",
    "collecting start time": "2025-01-03 18:50:03"
}