{
    "experiment_sequence": 4041,
    "start_time": 271978.819768,
    "end_time": 271978.889885,
    "total_time": 0.070117,
    "timer_frequency": 1800,
    "average_sending_rate": 1811.27,
    "signal_source_mode": 2,
    "signal_source": "n7s12",
    "received_count": 127,
    "total_packets": 127,
    "received_percentage": 100.0,
    "program start time": "2025-01-18 02:42:55",
    "sending start time": "2025-01-18 02:43:00",
    "collecting start time": "2025-01-18 02:43:03"
}