{
    "experiment_sequence": 1019,
    "start_time": 64369.223225,
    "end_time": 64369.783894,
    "total_time": 0.560669,
    "timer_frequency": 910,
    "average_sending_rate": 911.41,
    "signal_source_mode": 2,
    "signal_source": "n9s12",
    "received_count": 511,
    "total_packets": 511,
    "received_percentage": 100.0,
    "program start time": "2025-01-13 16:18:55",
    "sending start time": "2025-01-13 16:19:00",
    "collecting start time": "2025-01-13 16:19:03"
}