{
    "experiment_sequence": 2026,
    "start_time": 6737.885302,
    "end_time": 6737.952578,
    "total_time": 0.067276,
    "timer_frequency": 1875,
    "average_sending_rate": 1887.76,
    "signal_source_mode": 2,
    "signal_source": "n7s12",
    "received_count": 127,
    "total_packets": 127,
    "received_percentage": 100.0,
    "program start time": "2025-01-16 13:28:00",
    "sending start time": "2025-01-16 13:28:00",
    "collecting start time": "2025-01-16 13:28:03"
}