{
    "experiment_sequence": 4016,
    "start_time": 139337.884718,
    "end_time": 139337.950297,
    "total_time": 0.065579,
    "timer_frequency": 1925,
    "average_sending_rate": 1936.6,
    "signal_source_mode": 2,
    "signal_source": "n7s12",
    "received_count": 127,
    "total_packets": 127,
    "received_percentage": 100.0,
    "program start time": "2025-01-18 02:18:00",
    "sending start time": "2025-01-18 02:18:00",
    "collecting start time": "2025-01-18 02:18:03"
}