{
    "experiment_sequence": 6050,
    "start_time": 11046.293956,
    "end_time": 11046.366163,
    "total_time": 0.072207,
    "timer_frequency": 1755,
    "average_sending_rate": 1758.83,
    "signal_source_mode": 2,
    "signal_source": "n7s12",
    "received_count": 127,
    "total_packets": 127,
    "received_percentage": 100.0,
    "program start time": "2025-02-21 18:18:00",
    "sending start time": "2025-02-21 18:18:00",
    "collecting start time": "2025-02-21 18:18:03"
}