{
    "experiment_sequence": 20050,
    "start_time": 489123.088205,
    "end_time": 489123.160196,
    "total_time": 0.071992,
    "timer_frequency": 1755,
    "average_sending_rate": 1764.09,
    "signal_source_mode": 2,
    "signal_source": "n7s12",
    "received_count": 127,
    "total_packets": 127,
    "received_percentage": 100.0,
    "program start time": "2025-01-21 14:19:00",
    "sending start time": "2025-01-21 14:19:00",
    "collecting start time": "2025-01-21 14:19:03"
}