{
    "experiment_sequence": 6042,
    "start_time": 8242.672536,
    "end_time": 8242.742827,
    "total_time": 0.070291,
    "timer_frequency": 1795,
    "average_sending_rate": 1806.78,
    "signal_source_mode": 2,
    "signal_source": "n7s12",
    "received_count": 127,
    "total_packets": 127,
    "received_percentage": 100.0,
    "program start time": "2025-02-21 18:09:55",
    "sending start time": "2025-02-21 18:10:00",
    "collecting start time": "2025-02-21 18:10:03"
}