{
    "experiment_sequence": 2002,
    "start_time": 5297.882055,
    "end_time": 5297.945284,
    "total_time": 0.063229,
    "timer_frequency": 1995,
    "average_sending_rate": 2008.57,
    "signal_source_mode": 2,
    "signal_source": "n7s12",
    "received_count": 127,
    "total_packets": 127,
    "received_percentage": 100.0,
    "program start time": "2025-01-16 13:04:00",
    "sending start time": "2025-01-16 13:04:00",
    "collecting start time": "2025-01-16 13:04:03"
}