{
    "experiment_sequence": 6008,
    "start_time": 8526.293986,
    "end_time": 8526.358184,
    "total_time": 0.064198,
    "timer_frequency": 1965,
    "average_sending_rate": 1978.25,
    "signal_source_mode": 2,
    "signal_source": "n7s12",
    "received_count": 127,
    "total_packets": 127,
    "received_percentage": 100.0,
    "program start time": "2025-02-21 17:36:00",
    "sending start time": "2025-02-21 17:36:00",
    "collecting start time": "2025-02-21 17:36:03"
}