{
    "experiment_sequence": 6031,
    "start_time": 9906.293976,
    "end_time": 9906.362236,
    "total_time": 0.068261,
    "timer_frequency": 1850,
    "average_sending_rate": 1860.52,
    "signal_source_mode": 2,
    "signal_source": "n7s12",
    "received_count": 127,
    "total_packets": 127,
    "received_percentage": 100.0,
    "program start time": "2025-02-21 17:59:00",
    "sending start time": "2025-02-21 17:59:00",
    "collecting start time": "2025-02-21 17:59:03"
}