{
    "experiment_sequence": 20056,
    "start_time": 489483.087122,
    "end_time": 489483.160304,
    "total_time": 0.073182,
    "timer_frequency": 1725,
    "average_sending_rate": 1735.4,
    "signal_source_mode": 2,
    "signal_source": "n7s12",
    "received_count": 127,
    "total_packets": 127,
    "received_percentage": 100.0,
    "program start time": "2025-01-21 14:25:00",
    "sending start time": "2025-01-21 14:25:00",
    "collecting start time": "2025-01-21 14:25:05"
}