{
    "experiment_sequence": 1004,
    "start_time": 85711.863046,
    "end_time": 85712.380904,
    "total_time": 0.517858,
    "timer_frequency": 985,
    "average_sending_rate": 986.76,
    "signal_source_mode": 2,
    "signal_source": "n9s12",
    "received_count": 511,
    "total_packets": 511,
    "received_percentage": 100.0,
    "program start time": "2025-01-13 16:04:00",
    "sending start time": "2025-01-13 16:04:00",
    "collecting start time": "2025-01-13 16:04:03"
}