{
    "experiment_sequence": 6063,
    "start_time": 11826.294091,
    "end_time": 11826.368728,
    "total_time": 0.074637,
    "timer_frequency": 1690,
    "average_sending_rate": 1701.58,
    "signal_source_mode": 2,
    "signal_source": "n7s12",
    "received_count": 127,
    "total_packets": 127,
    "received_percentage": 100.0,
    "program start time": "2025-02-21 18:31:00",
    "sending start time": "2025-02-21 18:31:00",
    "collecting start time": "2025-02-21 18:31:03"
}