{
    "experiment_sequence": 2007,
    "start_time": 136738.799478,
    "end_time": 136738.863535,
    "total_time": 0.064057,
    "timer_frequency": 1970,
    "average_sending_rate": 1982.6,
    "signal_source_mode": 2,
    "signal_source": "n7s12",
    "received_count": 127,
    "total_packets": 127,
    "received_percentage": 100.0,
    "program start time": "2025-01-16 13:08:55",
    "sending start time": "2025-01-16 13:08:59",
    "collecting start time": "2025-01-16 13:09:03"
}