{
    "experiment_sequence": 20049,
    "start_time": 233419.493843,
    "end_time": 233419.565495,
    "total_time": 0.071652,
    "timer_frequency": 1760,
    "average_sending_rate": 1772.46,
    "signal_source_mode": 2,
    "signal_source": "n7s12",
    "received_count": 127,
    "total_packets": 127,
    "received_percentage": 100.0,
    "program start time": "2025-01-21 14:17:55",
    "sending start time": "2025-01-21 14:18:00",
    "collecting start time": "2025-01-21 14:18:04"
}