{
    "experiment_sequence": 1018,
    "start_time": 86551.862835,
    "end_time": 86552.420309,
    "total_time": 0.557474,
    "timer_frequency": 915,
    "average_sending_rate": 916.64,
    "signal_source_mode": 2,
    "signal_source": "n9s12",
    "received_count": 511,
    "total_packets": 511,
    "received_percentage": 100.0,
    "program start time": "2025-01-13 16:18:00",
    "sending start time": "2025-01-13 16:18:00",
    "collecting start time": "2025-01-13 16:18:03"
}