{
    "experiment_sequence": 22016,
    "start_time": 140336.565168,
    "end_time": 140336.630644,
    "total_time": 0.065476,
    "timer_frequency": 1925,
    "average_sending_rate": 1939.65,
    "signal_source_mode": 2,
    "signal_source": "n7s12",
    "received_count": 127,
    "total_packets": 127,
    "received_percentage": 100.0,
    "program start time": "2025-01-26 03:34:00",
    "sending start time": "2025-01-26 03:34:00",
    "collecting start time": "2025-01-26 03:34:04"
}