{
    "experiment_sequence": 6007,
    "start_time": 8466.293992,
    "end_time": 8466.358031,
    "total_time": 0.064039,
    "timer_frequency": 1970,
    "average_sending_rate": 1983.17,
    "signal_source_mode": 2,
    "signal_source": "n7s12",
    "received_count": 127,
    "total_packets": 127,
    "received_percentage": 100.0,
    "program start time": "2025-02-21 17:35:00",
    "sending start time": "2025-02-21 17:35:00",
    "collecting start time": "2025-02-21 17:35:03"
}