{
    "experiment_sequence": 8060,
    "start_time": 5430.884083,
    "end_time": 5431.483745,
    "total_time": 0.599662,
    "timer_frequency": 1705,
    "average_sending_rate": 1705.96,
    "signal_source_mode": 2,
    "signal_source": "n10s12",
    "received_count": 1023,
    "total_packets": 1023,
    "received_percentage": 100.0,
    "program start time": "2025-01-03 19:38:00",
    "sending start time": "2025-01-03 19:38:00",
    "collecting start time": "2025-01-03 19:38:03"
}