{
    "experiment_sequence": 8061,
    "start_time": 8184.765081,
    "end_time": 8185.367331,
    "total_time": 0.60225,
    "timer_frequency": 1700,
    "average_sending_rate": 1698.63,
    "signal_source_mode": 2,
    "signal_source": "n10s12",
    "received_count": 1023,
    "total_packets": 1023,
    "received_percentage": 100.0,
    "program start time": "2025-01-03 19:38:55",
    "sending start time": "2025-01-03 19:39:00",
    "collecting start time": "2025-01-03 19:39:03"
}