{
    "experiment_sequence": 6031,
    "start_time": 7582.671932,
    "end_time": 7582.740141,
    "total_time": 0.068209,
    "timer_frequency": 1850,
    "average_sending_rate": 1861.93,
    "signal_source_mode": 2,
    "signal_source": "n7s12",
    "received_count": 127,
    "total_packets": 127,
    "received_percentage": 100.0,
    "program start time": "2025-02-21 17:58:55",
    "sending start time": "2025-02-21 17:59:00",
    "collecting start time": "2025-02-21 17:59:03"
}