{
    "experiment_sequence": 6011,
    "start_time": 8706.294742,
    "end_time": 8706.359439,
    "total_time": 0.064697,
    "timer_frequency": 1950,
    "average_sending_rate": 1963.01,
    "signal_source_mode": 2,
    "signal_source": "n7s12",
    "received_count": 127,
    "total_packets": 127,
    "received_percentage": 100.0,
    "program start time": "2025-02-21 17:39:00",
    "sending start time": "2025-02-21 17:39:00",
    "collecting start time": "2025-02-21 17:39:03"
}