{
    "experiment_sequence": 2006,
    "start_time": 136678.799512,
    "end_time": 136678.863407,
    "total_time": 0.063896,
    "timer_frequency": 1975,
    "average_sending_rate": 1987.61,
    "signal_source_mode": 2,
    "signal_source": "n7s12",
    "received_count": 127,
    "total_packets": 127,
    "received_percentage": 100.0,
    "program start time": "2025-01-16 13:07:55",
    "sending start time": "2025-01-16 13:07:59",
    "collecting start time": "2025-01-16 13:08:03"
}