{
    "experiment_sequence": 20017,
    "start_time": 487143.082431,
    "end_time": 487143.14826,
    "total_time": 0.065829,
    "timer_frequency": 1920,
    "average_sending_rate": 1929.23,
    "signal_source_mode": 2,
    "signal_source": "n7s12",
    "received_count": 127,
    "total_packets": 127,
    "received_percentage": 100.0,
    "program start time": "2025-01-21 13:46:00",
    "sending start time": "2025-01-21 13:46:00",
    "collecting start time": "2025-01-21 13:46:03"
}