{
    "experiment_sequence": 8009,
    "start_time": 5064.763766,
    "end_time": 5065.287517,
    "total_time": 0.523751,
    "timer_frequency": 1960,
    "average_sending_rate": 1953.22,
    "signal_source_mode": 2,
    "signal_source": "n10s12",
    "received_count": 1023,
    "total_packets": 1023,
    "received_percentage": 100.0,
    "program start time": "2025-01-03 18:46:55",
    "sending start time": "2025-01-03 18:47:00",
    "collecting start time": "2025-01-03 18:47:03"
}