{
    "experiment_sequence": 8041,
    "start_time": 4290.884055,
    "end_time": 4291.45198,
    "total_time": 0.567925,
    "timer_frequency": 1800,
    "average_sending_rate": 1801.3,
    "signal_source_mode": 2,
    "signal_source": "n10s12",
    "received_count": 1023,
    "total_packets": 1023,
    "received_percentage": 100.0,
    "program start time": "2025-01-03 19:19:00",
    "sending start time": "2025-01-03 19:19:00",
    "collecting start time": "2025-01-03 19:19:03"
}