{
    "experiment_sequence": 8015,
    "start_time": 5424.763805,
    "end_time": 5425.297337,
    "total_time": 0.533532,
    "timer_frequency": 1930,
    "average_sending_rate": 1917.41,
    "signal_source_mode": 2,
    "signal_source": "n10s12",
    "received_count": 1023,
    "total_packets": 1023,
    "received_percentage": 100.0,
    "program start time": "2025-01-03 18:52:55",
    "sending start time": "2025-01-03 18:53:00",
    "collecting start time": "2025-01-03 18:53:03"
}