{
    "experiment_sequence": 4001,
    "start_time": 269578.818357,
    "end_time": 269578.881481,
    "total_time": 0.063124,
    "timer_frequency": 2000,
    "average_sending_rate": 2011.9,
    "signal_source_mode": 2,
    "signal_source": "n7s12",
    "received_count": 127,
    "total_packets": 127,
    "received_percentage": 100.0,
    "program start time": "2025-01-18 02:02:55",
    "sending start time": "2025-01-18 02:03:00",
    "collecting start time": "2025-01-18 02:03:03"
}