{
    "experiment_sequence": 2029,
    "start_time": 6917.885913,
    "end_time": 6917.953729,
    "total_time": 0.067816,
    "timer_frequency": 1860,
    "average_sending_rate": 1872.71,
    "signal_source_mode": 2,
    "signal_source": "n7s12",
    "received_count": 127,
    "total_packets": 127,
    "received_percentage": 100.0,
    "program start time": "2025-01-16 13:31:00",
    "sending start time": "2025-01-16 13:31:00",
    "collecting start time": "2025-01-16 13:31:03"
}