{
    "experiment_sequence": 2024,
    "start_time": 137758.808223,
    "end_time": 137758.875164,
    "total_time": 0.066941,
    "timer_frequency": 1885,
    "average_sending_rate": 1897.18,
    "signal_source_mode": 2,
    "signal_source": "n7s12",
    "received_count": 127,
    "total_packets": 127,
    "received_percentage": 100.0,
    "program start time": "2025-01-16 13:25:55",
    "sending start time": "2025-01-16 13:25:59",
    "collecting start time": "2025-01-16 13:26:03"
}