{
    "experiment_sequence": 8049,
    "start_time": 7464.762963,
    "end_time": 7465.348595,
    "total_time": 0.585632,
    "timer_frequency": 1760,
    "average_sending_rate": 1746.83,
    "signal_source_mode": 2,
    "signal_source": "n10s12",
    "received_count": 1023,
    "total_packets": 1023,
    "received_percentage": 100.0,
    "program start time": "2025-01-03 19:26:55",
    "sending start time": "2025-01-03 19:27:00",
    "collecting start time": "2025-01-03 19:27:03"
}