{
    "experiment_sequence": 20050,
    "start_time": 233479.491073,
    "end_time": 233479.562904,
    "total_time": 0.071831,
    "timer_frequency": 1755,
    "average_sending_rate": 1768.04,
    "signal_source_mode": 2,
    "signal_source": "n7s12",
    "received_count": 127,
    "total_packets": 127,
    "received_percentage": 100.0,
    "program start time": "2025-01-21 14:18:55",
    "sending start time": "2025-01-21 14:19:00",
    "collecting start time": "2025-01-21 14:19:04"
}