{
    "experiment_sequence": 8047,
    "start_time": 7344.762377,
    "end_time": 7345.340121,
    "total_time": 0.577744,
    "timer_frequency": 1770,
    "average_sending_rate": 1770.68,
    "signal_source_mode": 2,
    "signal_source": "n10s12",
    "received_count": 1023,
    "total_packets": 1023,
    "received_percentage": 100.0,
    "program start time": "2025-01-03 19:24:55",
    "sending start time": "2025-01-03 19:24:59",
    "collecting start time": "2025-01-03 19:25:03"
}