{
    "experiment_sequence": 20030,
    "start_time": 487923.088801,
    "end_time": 487923.156968,
    "total_time": 0.068167,
    "timer_frequency": 1855,
    "average_sending_rate": 1863.07,
    "signal_source_mode": 2,
    "signal_source": "n7s12",
    "received_count": 127,
    "total_packets": 127,
    "received_percentage": 100.0,
    "program start time": "2025-01-21 13:59:00",
    "sending start time": "2025-01-21 13:59:00",
    "collecting start time": "2025-01-21 13:59:03"
}