{
    "experiment_sequence": 8027,
    "start_time": 6144.760892,
    "end_time": 6145.307848,
    "total_time": 0.546956,
    "timer_frequency": 1870,
    "average_sending_rate": 1870.35,
    "signal_source_mode": 2,
    "signal_source": "n10s12",
    "received_count": 1023,
    "total_packets": 1023,
    "received_percentage": 100.0,
    "program start time": "2025-01-03 19:04:55",
    "sending start time": "2025-01-03 19:04:59",
    "collecting start time": "2025-01-03 19:05:03"
}