{
    "experiment_sequence": 20023,
    "start_time": 414029.819621,
    "end_time": 414029.886429,
    "total_time": 0.066808,
    "timer_frequency": 1890,
    "average_sending_rate": 1900.96,
    "signal_source_mode": 2,
    "signal_source": "n7s12",
    "received_count": 127,
    "total_packets": 127,
    "received_percentage": 100.0,
    "program start time": "2025-01-23 16:28:09",
    "sending start time": "2025-01-23 16:28:10",
    "collecting start time": "2025-01-23 16:28:15"
}