{
    "experiment_sequence": 4036,
    "start_time": 271678.820834,
    "end_time": 271678.889973,
    "total_time": 0.069139,
    "timer_frequency": 1825,
    "average_sending_rate": 1836.87,
    "signal_source_mode": 2,
    "signal_source": "n7s12",
    "received_count": 127,
    "total_packets": 127,
    "received_percentage": 100.0,
    "program start time": "2025-01-18 02:37:55",
    "sending start time": "2025-01-18 02:38:00",
    "collecting start time": "2025-01-18 02:38:03"
}