{
    "experiment_sequence": 2004,
    "start_time": 136558.799947,
    "end_time": 136558.863521,
    "total_time": 0.063574,
    "timer_frequency": 1985,
    "average_sending_rate": 1997.69,
    "signal_source_mode": 2,
    "signal_source": "n7s12",
    "received_count": 127,
    "total_packets": 127,
    "received_percentage": 100.0,
    "program start time": "2025-01-16 13:05:55",
    "sending start time": "2025-01-16 13:05:59",
    "collecting start time": "2025-01-16 13:06:03"
}