{
    "experiment_sequence": 4054,
    "start_time": 141617.884644,
    "end_time": 141617.957343,
    "total_time": 0.072699,
    "timer_frequency": 1735,
    "average_sending_rate": 1746.94,
    "signal_source_mode": 2,
    "signal_source": "n7s12",
    "received_count": 127,
    "total_packets": 127,
    "received_percentage": 100.0,
    "program start time": "2025-01-18 02:56:00",
    "sending start time": "2025-01-18 02:56:00",
    "collecting start time": "2025-01-18 02:56:03"
}