{
    "experiment_sequence": 6010,
    "start_time": 8646.293622,
    "end_time": 8646.358158,
    "total_time": 0.064536,
    "timer_frequency": 1955,
    "average_sending_rate": 1967.89,
    "signal_source_mode": 2,
    "signal_source": "n7s12",
    "received_count": 127,
    "total_packets": 127,
    "received_percentage": 100.0,
    "program start time": "2025-02-21 17:38:00",
    "sending start time": "2025-02-21 17:38:00",
    "collecting start time": "2025-02-21 17:38:03"
}