{
    "experiment_sequence": 20012,
    "start_time": 231199.480077,
    "end_time": 231199.544898,
    "total_time": 0.064821,
    "timer_frequency": 1945,
    "average_sending_rate": 1959.25,
    "signal_source_mode": 2,
    "signal_source": "n7s12",
    "received_count": 127,
    "total_packets": 127,
    "received_percentage": 100.0,
    "program start time": "2025-01-21 13:40:55",
    "sending start time": "2025-01-21 13:41:00",
    "collecting start time": "2025-01-21 13:41:03"
}