{
    "experiment_sequence": 4022,
    "start_time": 270838.818742,
    "end_time": 270838.885322,
    "total_time": 0.06658,
    "timer_frequency": 1895,
    "average_sending_rate": 1907.47,
    "signal_source_mode": 2,
    "signal_source": "n7s12",
    "received_count": 127,
    "total_packets": 127,
    "received_percentage": 100.0,
    "program start time": "2025-01-18 02:23:55",
    "sending start time": "2025-01-18 02:24:00",
    "collecting start time": "2025-01-18 02:24:03"
}