{
    "experiment_sequence": 2038,
    "start_time": 7457.885404,
    "end_time": 7457.954904,
    "total_time": 0.069501,
    "timer_frequency": 1815,
    "average_sending_rate": 1827.32,
    "signal_source_mode": 2,
    "signal_source": "n7s12",
    "received_count": 127,
    "total_packets": 127,
    "received_percentage": 100.0,
    "program start time": "2025-01-16 13:40:00",
    "sending start time": "2025-01-16 13:40:00",
    "collecting start time": "2025-01-16 13:40:03"
}