{
    "experiment_sequence": 8054,
    "start_time": 7764.763937,
    "end_time": 7765.357323,
    "total_time": 0.593386,
    "timer_frequency": 1735,
    "average_sending_rate": 1724.01,
    "signal_source_mode": 2,
    "signal_source": "n10s12",
    "received_count": 1023,
    "total_packets": 1023,
    "received_percentage": 100.0,
    "program start time": "2025-01-03 19:31:55",
    "sending start time": "2025-01-03 19:32:00",
    "collecting start time": "2025-01-03 19:32:03"
}