{
    "experiment_sequence": 6015,
    "start_time": 8946.293771,
    "end_time": 8946.359133,
    "total_time": 0.065362,
    "timer_frequency": 1930,
    "average_sending_rate": 1943.01,
    "signal_source_mode": 2,
    "signal_source": "n7s12",
    "received_count": 127,
    "total_packets": 127,
    "received_percentage": 100.0,
    "program start time": "2025-02-21 17:43:00",
    "sending start time": "2025-02-21 17:43:00",
    "collecting start time": "2025-02-21 17:43:03"
}