{
    "experiment_sequence": 4008,
    "start_time": 138857.884931,
    "end_time": 138857.949146,
    "total_time": 0.064214,
    "timer_frequency": 1965,
    "average_sending_rate": 1977.75,
    "signal_source_mode": 2,
    "signal_source": "n7s12",
    "received_count": 127,
    "total_packets": 127,
    "received_percentage": 100.0,
    "program start time": "2025-01-18 02:10:00",
    "sending start time": "2025-01-18 02:10:00",
    "collecting start time": "2025-01-18 02:10:03"
}