{
    "experiment_sequence": 1025,
    "start_time": 64729.223212,
    "end_time": 64729.802977,
    "total_time": 0.579765,
    "timer_frequency": 880,
    "average_sending_rate": 881.39,
    "signal_source_mode": 2,
    "signal_source": "n9s12",
    "received_count": 511,
    "total_packets": 511,
    "received_percentage": 100.0,
    "program start time": "2025-01-13 16:24:55",
    "sending start time": "2025-01-13 16:25:00",
    "collecting start time": "2025-01-13 16:25:03"
}