{
    "experiment_sequence": 1001,
    "start_time": 85531.862891,
    "end_time": 85532.37299,
    "total_time": 0.510099,
    "timer_frequency": 1000,
    "average_sending_rate": 1001.77,
    "signal_source_mode": 2,
    "signal_source": "n9s12",
    "received_count": 511,
    "total_packets": 511,
    "received_percentage": 100.0,
    "program start time": "2025-01-13 16:01:00",
    "sending start time": "2025-01-13 16:01:00",
    "collecting start time": "2025-01-13 16:01:03"
}