{
    "experiment_sequence": 8001,
    "start_time": 1890.884078,
    "end_time": 1891.395317,
    "total_time": 0.511239,
    "timer_frequency": 2000,
    "average_sending_rate": 2001.02,
    "signal_source_mode": 2,
    "signal_source": "n10s12",
    "received_count": 1023,
    "total_packets": 1023,
    "received_percentage": 100.0,
    "program start time": "2025-01-03 18:39:00",
    "sending start time": "2025-01-03 18:39:00",
    "collecting start time": "2025-01-03 18:39:03"
}