{
    "experiment_sequence": 4005,
    "start_time": 138677.884755,
    "end_time": 138677.948469,
    "total_time": 0.063714,
    "timer_frequency": 1980,
    "average_sending_rate": 1993.27,
    "signal_source_mode": 2,
    "signal_source": "n7s12",
    "received_count": 127,
    "total_packets": 127,
    "received_percentage": 100.0,
    "program start time": "2025-01-18 02:07:00",
    "sending start time": "2025-01-18 02:07:00",
    "collecting start time": "2025-01-18 02:07:03"
}