{
    "experiment_sequence": 6017,
    "start_time": 9066.293662,
    "end_time": 9066.359367,
    "total_time": 0.065705,
    "timer_frequency": 1920,
    "average_sending_rate": 1932.87,
    "signal_source_mode": 2,
    "signal_source": "n7s12",
    "received_count": 127,
    "total_packets": 127,
    "received_percentage": 100.0,
    "program start time": "2025-02-21 17:45:00",
    "sending start time": "2025-02-21 17:45:00",
    "collecting start time": "2025-02-21 17:45:03"
}