{
    "experiment_sequence": 4045,
    "start_time": 272218.81985,
    "end_time": 272218.89073,
    "total_time": 0.07088,
    "timer_frequency": 1780,
    "average_sending_rate": 1791.75,
    "signal_source_mode": 2,
    "signal_source": "n7s12",
    "received_count": 127,
    "total_packets": 127,
    "received_percentage": 100.0,
    "program start time": "2025-01-18 02:46:55",
    "sending start time": "2025-01-18 02:47:00",
    "collecting start time": "2025-01-18 02:47:03"
}