{
    "experiment_sequence": 8014,
    "start_time": 5364.76493,
    "end_time": 5365.295054,
    "total_time": 0.530125,
    "timer_frequency": 1935,
    "average_sending_rate": 1929.73,
    "signal_source_mode": 2,
    "signal_source": "n10s12",
    "received_count": 1023,
    "total_packets": 1023,
    "received_percentage": 100.0,
    "program start time": "2025-01-03 18:51:55",
    "sending start time": "2025-01-03 18:52:00",
    "collecting start time": "2025-01-03 18:52:03"
}