{
    "experiment_sequence": 1028,
    "start_time": 87151.863096,
    "end_time": 87152.452794,
    "total_time": 0.589699,
    "timer_frequency": 865,
    "average_sending_rate": 866.54,
    "signal_source_mode": 2,
    "signal_source": "n9s12",
    "received_count": 511,
    "total_packets": 511,
    "received_percentage": 100.0,
    "program start time": "2025-01-13 16:28:00",
    "sending start time": "2025-01-13 16:28:00",
    "collecting start time": "2025-01-13 16:28:03"
}