{
    "experiment_sequence": 6024,
    "start_time": 7162.672147,
    "end_time": 7162.739086,
    "total_time": 0.066939,
    "timer_frequency": 1885,
    "average_sending_rate": 1897.24,
    "signal_source_mode": 2,
    "signal_source": "n7s12",
    "received_count": 127,
    "total_packets": 127,
    "received_percentage": 100.0,
    "program start time": "2025-02-21 17:51:55",
    "sending start time": "2025-02-21 17:51:59",
    "collecting start time": "2025-02-21 17:52:02"
}