{
    "experiment_sequence": 1033,
    "start_time": 87451.862757,
    "end_time": 87452.470035,
    "total_time": 0.607277,
    "timer_frequency": 840,
    "average_sending_rate": 841.46,
    "signal_source_mode": 2,
    "signal_source": "n9s12",
    "received_count": 511,
    "total_packets": 511,
    "received_percentage": 100.0,
    "program start time": "2025-01-13 16:33:00",
    "sending start time": "2025-01-13 16:33:00",
    "collecting start time": "2025-01-13 16:33:03"
}