{
    "experiment_sequence": 4050,
    "start_time": 272518.819904,
    "end_time": 272518.891798,
    "total_time": 0.071894,
    "timer_frequency": 1755,
    "average_sending_rate": 1766.5,
    "signal_source_mode": 2,
    "signal_source": "n7s12",
    "received_count": 127,
    "total_packets": 127,
    "received_percentage": 100.0,
    "program start time": "2025-01-18 02:51:55",
    "sending start time": "2025-01-18 02:52:00",
    "collecting start time": "2025-01-18 02:52:03"
}