{
    "experiment_sequence": 1032,
    "start_time": 87391.863062,
    "end_time": 87392.466716,
    "total_time": 0.603654,
    "timer_frequency": 845,
    "average_sending_rate": 846.51,
    "signal_source_mode": 2,
    "signal_source": "n9s12",
    "received_count": 511,
    "total_packets": 511,
    "received_percentage": 100.0,
    "program start time": "2025-01-13 16:32:00",
    "sending start time": "2025-01-13 16:32:00",
    "collecting start time": "2025-01-13 16:32:03"
}