{
    "experiment_sequence": 20038,
    "start_time": 232759.487202,
    "end_time": 232759.556665,
    "total_time": 0.069463,
    "timer_frequency": 1815,
    "average_sending_rate": 1828.31,
    "signal_source_mode": 2,
    "signal_source": "n7s12",
    "received_count": 127,
    "total_packets": 127,
    "received_percentage": 100.0,
    "program start time": "2025-01-21 14:06:55",
    "sending start time": "2025-01-21 14:07:00",
    "collecting start time": "2025-01-21 14:07:03"
}