{
    "experiment_sequence": 4010,
    "start_time": 270118.817668,
    "end_time": 270118.882214,
    "total_time": 0.064547,
    "timer_frequency": 1955,
    "average_sending_rate": 1967.57,
    "signal_source_mode": 2,
    "signal_source": "n7s12",
    "received_count": 127,
    "total_packets": 127,
    "received_percentage": 100.0,
    "program start time": "2025-01-18 02:11:55",
    "sending start time": "2025-01-18 02:12:00",
    "collecting start time": "2025-01-18 02:12:03"
}