{
    "experiment_sequence": 6030,
    "start_time": 9846.293795,
    "end_time": 9846.361812,
    "total_time": 0.068017,
    "timer_frequency": 1855,
    "average_sending_rate": 1867.19,
    "signal_source_mode": 2,
    "signal_source": "n7s12",
    "received_count": 127,
    "total_packets": 127,
    "received_percentage": 100.0,
    "program start time": "2025-02-21 17:58:00",
    "sending start time": "2025-02-21 17:58:00",
    "collecting start time": "2025-02-21 17:58:03"
}