{
    "experiment_sequence": 4043,
    "start_time": 140957.884785,
    "end_time": 140957.955257,
    "total_time": 0.070473,
    "timer_frequency": 1790,
    "average_sending_rate": 1802.12,
    "signal_source_mode": 2,
    "signal_source": "n7s12",
    "received_count": 127,
    "total_packets": 127,
    "received_percentage": 100.0,
    "program start time": "2025-01-18 02:45:00",
    "sending start time": "2025-01-18 02:45:00",
    "collecting start time": "2025-01-18 02:45:03"
}