{
    "experiment_sequence": 22002,
    "start_time": 141759.214055,
    "end_time": 141759.277452,
    "total_time": 0.063397,
    "timer_frequency": 1995,
    "average_sending_rate": 2003.24,
    "signal_source_mode": 2,
    "signal_source": "n7s12",
    "received_count": 127,
    "total_packets": 127,
    "received_percentage": 100.0,
    "program start time": "2025-01-26 03:36:55",
    "sending start time": "2025-01-26 03:37:00",
    "collecting start time": "2025-01-26 03:37:03"
}