{
    "experiment_sequence": 2009,
    "start_time": 275777.88527,
    "end_time": 275777.949676,
    "total_time": 0.064406,
    "timer_frequency": 1960,
    "average_sending_rate": 1971.86,
    "signal_source_mode": 2,
    "signal_source": "n7s12",
    "received_count": 127,
    "total_packets": 127,
    "received_percentage": 100.0,
    "program start time": "2025-01-19 16:12:00",
    "sending start time": "2025-01-19 16:12:00",
    "collecting start time": "2025-01-19 16:12:03"
}