{
    "experiment_sequence": 4011,
    "start_time": 139037.884965,
    "end_time": 139037.949658,
    "total_time": 0.064693,
    "timer_frequency": 1950,
    "average_sending_rate": 1963.13,
    "signal_source_mode": 2,
    "signal_source": "n7s12",
    "received_count": 127,
    "total_packets": 127,
    "received_percentage": 100.0,
    "program start time": "2025-01-18 02:13:00",
    "sending start time": "2025-01-18 02:13:00",
    "collecting start time": "2025-01-18 02:13:03"
}