{
    "experiment_sequence": 4061,
    "start_time": 273178.818951,
    "end_time": 273178.893163,
    "total_time": 0.074212,
    "timer_frequency": 1700,
    "average_sending_rate": 1711.31,
    "signal_source_mode": 2,
    "signal_source": "n7s12",
    "received_count": 127,
    "total_packets": 127,
    "received_percentage": 100.0,
    "program start time": "2025-01-18 03:02:55",
    "sending start time": "2025-01-18 03:03:00",
    "collecting start time": "2025-01-18 03:03:03"
}