{
    "experiment_sequence": 1052,
    "start_time": 88591.863527,
    "end_time": 88592.548179,
    "total_time": 0.684652,
    "timer_frequency": 745,
    "average_sending_rate": 746.36,
    "signal_source_mode": 2,
    "signal_source": "n9s12",
    "received_count": 511,
    "total_packets": 511,
    "received_percentage": 100.0,
    "program start time": "2025-01-13 16:52:00",
    "sending start time": "2025-01-13 16:52:00",
    "collecting start time": "2025-01-13 16:52:03"
}