{
    "experiment_sequence": 8033,
    "start_time": 3810.881801,
    "end_time": 3811.439327,
    "total_time": 0.557526,
    "timer_frequency": 1840,
    "average_sending_rate": 1834.89,
    "signal_source_mode": 2,
    "signal_source": "n10s12",
    "received_count": 1023,
    "total_packets": 1023,
    "received_percentage": 100.0,
    "program start time": "2025-01-03 19:11:00",
    "sending start time": "2025-01-03 19:11:00",
    "collecting start time": "2025-01-03 19:11:03"
}