{
    "experiment_sequence": 8013,
    "start_time": 5304.764796,
    "end_time": 5305.294328,
    "total_time": 0.529532,
    "timer_frequency": 1940,
    "average_sending_rate": 1931.89,
    "signal_source_mode": 2,
    "signal_source": "n10s12",
    "received_count": 1023,
    "total_packets": 1023,
    "received_percentage": 100.0,
    "program start time": "2025-01-03 18:50:55",
    "sending start time": "2025-01-03 18:51:00",
    "collecting start time": "2025-01-03 18:51:03"
}