{
    "experiment_sequence": 20032,
    "start_time": 232399.490575,
    "end_time": 232399.558944,
    "total_time": 0.068369,
    "timer_frequency": 1845,
    "average_sending_rate": 1857.57,
    "signal_source_mode": 2,
    "signal_source": "n7s12",
    "received_count": 127,
    "total_packets": 127,
    "received_percentage": 100.0,
    "program start time": "2025-01-21 14:00:55",
    "sending start time": "2025-01-21 14:01:00",
    "collecting start time": "2025-01-21 14:01:04"
}