{
    "experiment_sequence": 8045,
    "start_time": 7224.761269,
    "end_time": 7225.335749,
    "total_time": 0.574479,
    "timer_frequency": 1780,
    "average_sending_rate": 1780.74,
    "signal_source_mode": 2,
    "signal_source": "n10s12",
    "received_count": 1023,
    "total_packets": 1023,
    "received_percentage": 100.0,
    "program start time": "2025-01-03 19:22:55",
    "sending start time": "2025-01-03 19:22:59",
    "collecting start time": "2025-01-03 19:23:03"
}