{
    "experiment_sequence": 20024,
    "start_time": 231919.494993,
    "end_time": 231919.561893,
    "total_time": 0.0669,
    "timer_frequency": 1885,
    "average_sending_rate": 1898.35,
    "signal_source_mode": 2,
    "signal_source": "n7s12",
    "received_count": 127,
    "total_packets": 127,
    "received_percentage": 100.0,
    "program start time": "2025-01-21 13:52:55",
    "sending start time": "2025-01-21 13:53:00",
    "collecting start time": "2025-01-21 13:53:04"
}