{
    "experiment_sequence": 6061,
    "start_time": 9382.671948,
    "end_time": 9382.746162,
    "total_time": 0.074215,
    "timer_frequency": 1700,
    "average_sending_rate": 1711.25,
    "signal_source_mode": 2,
    "signal_source": "n7s12",
    "received_count": 127,
    "total_packets": 127,
    "received_percentage": 100.0,
    "program start time": "2025-02-21 18:28:55",
    "sending start time": "2025-02-21 18:29:00",
    "collecting start time": "2025-02-21 18:29:03"
}