{
    "experiment_sequence": 4047,
    "start_time": 272338.82013,
    "end_time": 272338.891409,
    "total_time": 0.071279,
    "timer_frequency": 1770,
    "average_sending_rate": 1781.72,
    "signal_source_mode": 2,
    "signal_source": "n7s12",
    "received_count": 127,
    "total_packets": 127,
    "received_percentage": 100.0,
    "program start time": "2025-01-18 02:48:55",
    "sending start time": "2025-01-18 02:49:00",
    "collecting start time": "2025-01-18 02:49:03"
}