{
    "experiment_sequence": 2008,
    "start_time": 136798.799084,
    "end_time": 136798.863318,
    "total_time": 0.064235,
    "timer_frequency": 1965,
    "average_sending_rate": 1977.12,
    "signal_source_mode": 2,
    "signal_source": "n7s12",
    "received_count": 127,
    "total_packets": 127,
    "received_percentage": 100.0,
    "program start time": "2025-01-16 13:09:55",
    "sending start time": "2025-01-16 13:09:59",
    "collecting start time": "2025-01-16 13:10:03"
}