{
    "experiment_sequence": 1017,
    "start_time": 86491.863725,
    "end_time": 86492.418547,
    "total_time": 0.554822,
    "timer_frequency": 920,
    "average_sending_rate": 921.02,
    "signal_source_mode": 2,
    "signal_source": "n9s12",
    "received_count": 511,
    "total_packets": 511,
    "received_percentage": 100.0,
    "program start time": "2025-01-13 16:17:00",
    "sending start time": "2025-01-13 16:17:00",
    "collecting start time": "2025-01-13 16:17:03"
}