{
    "experiment_sequence": 20028,
    "start_time": 232159.487673,
    "end_time": 232159.555272,
    "total_time": 0.067599,
    "timer_frequency": 1865,
    "average_sending_rate": 1878.72,
    "signal_source_mode": 2,
    "signal_source": "n7s12",
    "received_count": 127,
    "total_packets": 127,
    "received_percentage": 100.0,
    "program start time": "2025-01-21 13:56:55",
    "sending start time": "2025-01-21 13:57:00",
    "collecting start time": "2025-01-21 13:57:03"
}