{
    "experiment_sequence": 1053,
    "start_time": 66409.223064,
    "end_time": 66409.912478,
    "total_time": 0.689414,
    "timer_frequency": 740,
    "average_sending_rate": 741.21,
    "signal_source_mode": 2,
    "signal_source": "n9s12",
    "received_count": 511,
    "total_packets": 511,
    "received_percentage": 100.0,
    "program start time": "2025-01-13 16:52:55",
    "sending start time": "2025-01-13 16:53:00",
    "collecting start time": "2025-01-13 16:53:03"
}