{
    "experiment_sequence": 20005,
    "start_time": 486423.080389,
    "end_time": 486423.14442,
    "total_time": 0.06403,
    "timer_frequency": 1980,
    "average_sending_rate": 1983.43,
    "signal_source_mode": 2,
    "signal_source": "n7s12",
    "received_count": 127,
    "total_packets": 127,
    "received_percentage": 100.0,
    "program start time": "2025-01-21 13:34:00",
    "sending start time": "2025-01-21 13:34:00",
    "collecting start time": "2025-01-21 13:34:03"
}