{
    "experiment_sequence": 6053,
    "start_time": 11226.293777,
    "end_time": 11226.36688,
    "total_time": 0.073103,
    "timer_frequency": 1740,
    "average_sending_rate": 1737.28,
    "signal_source_mode": 2,
    "signal_source": "n7s12",
    "received_count": 127,
    "total_packets": 127,
    "received_percentage": 100.0,
    "program start time": "2025-02-21 18:21:00",
    "sending start time": "2025-02-21 18:21:00",
    "collecting start time": "2025-02-21 18:21:03"
}