{
    "experiment_sequence": 6025,
    "start_time": 7222.673339,
    "end_time": 7222.740456,
    "total_time": 0.067116,
    "timer_frequency": 1880,
    "average_sending_rate": 1892.23,
    "signal_source_mode": 2,
    "signal_source": "n7s12",
    "received_count": 127,
    "total_packets": 127,
    "received_percentage": 100.0,
    "program start time": "2025-02-21 17:52:55",
    "sending start time": "2025-02-21 17:52:59",
    "collecting start time": "2025-02-21 17:53:02"
}