{
    "experiment_sequence": 2004,
    "start_time": 5417.884673,
    "end_time": 5417.948228,
    "total_time": 0.063556,
    "timer_frequency": 1985,
    "average_sending_rate": 1998.25,
    "signal_source_mode": 2,
    "signal_source": "n7s12",
    "received_count": 127,
    "total_packets": 127,
    "received_percentage": 100.0,
    "program start time": "2025-01-16 13:06:00",
    "sending start time": "2025-01-16 13:06:00",
    "collecting start time": "2025-01-16 13:06:03"
}