{
    "experiment_sequence": 6052,
    "start_time": 11166.293712,
    "end_time": 11166.365994,
    "total_time": 0.072283,
    "timer_frequency": 1745,
    "average_sending_rate": 1756.99,
    "signal_source_mode": 2,
    "signal_source": "n7s12",
    "received_count": 127,
    "total_packets": 127,
    "received_percentage": 100.0,
    "program start time": "2025-02-21 18:20:00",
    "sending start time": "2025-02-21 18:20:00",
    "collecting start time": "2025-02-21 18:20:03"
}