{
    "experiment_sequence": 1018,
    "start_time": 64309.222356,
    "end_time": 64309.779968,
    "total_time": 0.557611,
    "timer_frequency": 915,
    "average_sending_rate": 916.41,
    "signal_source_mode": 2,
    "signal_source": "n9s12",
    "received_count": 511,
    "total_packets": 511,
    "received_percentage": 100.0,
    "program start time": "2025-01-13 16:17:55",
    "sending start time": "2025-01-13 16:18:00",
    "collecting start time": "2025-01-13 16:18:03"
}