{
    "experiment_sequence": 4028,
    "start_time": 140057.884716,
    "end_time": 140057.952411,
    "total_time": 0.067695,
    "timer_frequency": 1865,
    "average_sending_rate": 1876.06,
    "signal_source_mode": 2,
    "signal_source": "n7s12",
    "received_count": 127,
    "total_packets": 127,
    "received_percentage": 100.0,
    "program start time": "2025-01-18 02:30:00",
    "sending start time": "2025-01-18 02:30:00",
    "collecting start time": "2025-01-18 02:30:03"
}