{
    "experiment_sequence": 20034,
    "start_time": 232519.48944,
    "end_time": 232519.558203,
    "total_time": 0.068763,
    "timer_frequency": 1835,
    "average_sending_rate": 1846.92,
    "signal_source_mode": 2,
    "signal_source": "n7s12",
    "received_count": 127,
    "total_packets": 127,
    "received_percentage": 100.0,
    "program start time": "2025-01-21 14:02:55",
    "sending start time": "2025-01-21 14:03:00",
    "collecting start time": "2025-01-21 14:03:05"
}