{
    "experiment_sequence": 6019,
    "start_time": 6862.673026,
    "end_time": 6862.739092,
    "total_time": 0.066066,
    "timer_frequency": 1910,
    "average_sending_rate": 1922.33,
    "signal_source_mode": 2,
    "signal_source": "n7s12",
    "received_count": 127,
    "total_packets": 127,
    "received_percentage": 100.0,
    "program start time": "2025-02-21 17:46:55",
    "sending start time": "2025-02-21 17:46:59",
    "collecting start time": "2025-02-21 17:47:02"
}