{
    "experiment_sequence": 4004,
    "start_time": 138617.88593,
    "end_time": 138617.949489,
    "total_time": 0.063559,
    "timer_frequency": 1985,
    "average_sending_rate": 1998.15,
    "signal_source_mode": 2,
    "signal_source": "n7s12",
    "received_count": 127,
    "total_packets": 127,
    "received_percentage": 100.0,
    "program start time": "2025-01-18 02:06:00",
    "sending start time": "2025-01-18 02:06:00",
    "collecting start time": "2025-01-18 02:06:03"
}