{
    "experiment_sequence": 4031,
    "start_time": 140237.884981,
    "end_time": 140237.95317,
    "total_time": 0.068189,
    "timer_frequency": 1850,
    "average_sending_rate": 1862.48,
    "signal_source_mode": 2,
    "signal_source": "n7s12",
    "received_count": 127,
    "total_packets": 127,
    "received_percentage": 100.0,
    "program start time": "2025-01-18 02:33:00",
    "sending start time": "2025-01-18 02:33:00",
    "collecting start time": "2025-01-18 02:33:03"
}