{
    "experiment_sequence": 6038,
    "start_time": 8002.672386,
    "end_time": 8002.741904,
    "total_time": 0.069518,
    "timer_frequency": 1815,
    "average_sending_rate": 1826.86,
    "signal_source_mode": 2,
    "signal_source": "n7s12",
    "received_count": 127,
    "total_packets": 127,
    "received_percentage": 100.0,
    "program start time": "2025-02-21 18:05:55",
    "sending start time": "2025-02-21 18:06:00",
    "collecting start time": "2025-02-21 18:06:03"
}