{
    "experiment_sequence": 1010,
    "start_time": 63829.221749,
    "end_time": 63829.756004,
    "total_time": 0.534255,
    "timer_frequency": 955,
    "average_sending_rate": 956.47,
    "signal_source_mode": 2,
    "signal_source": "n9s12",
    "received_count": 511,
    "total_packets": 511,
    "received_percentage": 100.0,
    "program start time": "2025-01-13 16:09:55",
    "sending start time": "2025-01-13 16:10:00",
    "collecting start time": "2025-01-13 16:10:03"
}