{
    "experiment_sequence": 20049,
    "start_time": 489063.090952,
    "end_time": 489063.163013,
    "total_time": 0.072061,
    "timer_frequency": 1760,
    "average_sending_rate": 1762.4,
    "signal_source_mode": 2,
    "signal_source": "n7s12",
    "received_count": 127,
    "total_packets": 127,
    "received_percentage": 100.0,
    "program start time": "2025-01-21 14:18:00",
    "sending start time": "2025-01-21 14:18:00",
    "collecting start time": "2025-01-21 14:18:03"
}