{
    "experiment_sequence": 4046,
    "start_time": 141137.884732,
    "end_time": 141137.955799,
    "total_time": 0.071067,
    "timer_frequency": 1775,
    "average_sending_rate": 1787.04,
    "signal_source_mode": 2,
    "signal_source": "n7s12",
    "received_count": 127,
    "total_packets": 127,
    "received_percentage": 100.0,
    "program start time": "2025-01-18 02:48:00",
    "sending start time": "2025-01-18 02:48:00",
    "collecting start time": "2025-01-18 02:48:03"
}