{
    "experiment_sequence": 8052,
    "start_time": 4950.884123,
    "end_time": 4951.469926,
    "total_time": 0.585803,
    "timer_frequency": 1745,
    "average_sending_rate": 1746.32,
    "signal_source_mode": 2,
    "signal_source": "n10s12",
    "received_count": 1023,
    "total_packets": 1023,
    "received_percentage": 100.0,
    "program start time": "2025-01-03 19:30:00",
    "sending start time": "2025-01-03 19:30:00",
    "collecting start time": "2025-01-03 19:30:03"
}