{
    "experiment_sequence": 4056,
    "start_time": 272878.819057,
    "end_time": 272878.892205,
    "total_time": 0.073148,
    "timer_frequency": 1725,
    "average_sending_rate": 1736.21,
    "signal_source_mode": 2,
    "signal_source": "n7s12",
    "received_count": 127,
    "total_packets": 127,
    "received_percentage": 100.0,
    "program start time": "2025-01-18 02:57:55",
    "sending start time": "2025-01-18 02:58:00",
    "collecting start time": "2025-01-18 02:58:03"
}