{
    "experiment_sequence": 6046,
    "start_time": 10806.293917,
    "end_time": 10806.365099,
    "total_time": 0.071181,
    "timer_frequency": 1775,
    "average_sending_rate": 1784.17,
    "signal_source_mode": 2,
    "signal_source": "n7s12",
    "received_count": 127,
    "total_packets": 127,
    "received_percentage": 100.0,
    "program start time": "2025-02-21 18:14:00",
    "sending start time": "2025-02-21 18:14:00",
    "collecting start time": "2025-02-21 18:14:03"
}