{
    "experiment_sequence": 2023,
    "start_time": 6557.885892,
    "end_time": 6557.952638,
    "total_time": 0.066746,
    "timer_frequency": 1890,
    "average_sending_rate": 1902.74,
    "signal_source_mode": 2,
    "signal_source": "n7s12",
    "received_count": 127,
    "total_packets": 127,
    "received_percentage": 100.0,
    "program start time": "2025-01-16 13:25:00",
    "sending start time": "2025-01-16 13:25:00",
    "collecting start time": "2025-01-16 13:25:03"
}