{
    "experiment_sequence": 8028,
    "start_time": 6204.761293,
    "end_time": 6205.31059,
    "total_time": 0.549297,
    "timer_frequency": 1865,
    "average_sending_rate": 1862.38,
    "signal_source_mode": 2,
    "signal_source": "n10s12",
    "received_count": 1023,
    "total_packets": 1023,
    "received_percentage": 100.0,
    "program start time": "2025-01-03 19:05:55",
    "sending start time": "2025-01-03 19:05:59",
    "collecting start time": "2025-01-03 19:06:03"
}