{
    "experiment_sequence": 8025,
    "start_time": 6024.762094,
    "end_time": 6025.307113,
    "total_time": 0.54502,
    "timer_frequency": 1880,
    "average_sending_rate": 1877.0,
    "signal_source_mode": 2,
    "signal_source": "n10s12",
    "received_count": 1023,
    "total_packets": 1023,
    "received_percentage": 100.0,
    "program start time": "2025-01-03 19:02:55",
    "sending start time": "2025-01-03 19:03:00",
    "collecting start time": "2025-01-03 19:03:03"
}