{
    "experiment_sequence": 20004,
    "start_time": 486363.08755,
    "end_time": 486363.151661,
    "total_time": 0.06411,
    "timer_frequency": 1985,
    "average_sending_rate": 1980.96,
    "signal_source_mode": 2,
    "signal_source": "n7s12",
    "received_count": 127,
    "total_packets": 127,
    "received_percentage": 100.0,
    "program start time": "2025-01-21 13:33:00",
    "sending start time": "2025-01-21 13:33:00",
    "collecting start time": "2025-01-21 13:33:03"
}