{
    "experiment_sequence": 20062,
    "start_time": 489843.085324,
    "end_time": 489843.159837,
    "total_time": 0.074513,
    "timer_frequency": 1695,
    "average_sending_rate": 1704.39,
    "signal_source_mode": 2,
    "signal_source": "n7s12",
    "received_count": 127,
    "total_packets": 127,
    "received_percentage": 100.0,
    "program start time": "2025-01-21 14:31:00",
    "sending start time": "2025-01-21 14:31:00",
    "collecting start time": "2025-01-21 14:31:03"
}