{
    "experiment_sequence": 2014,
    "start_time": 137158.796209,
    "end_time": 137158.861423,
    "total_time": 0.065214,
    "timer_frequency": 1935,
    "average_sending_rate": 1947.44,
    "signal_source_mode": 2,
    "signal_source": "n7s12",
    "received_count": 127,
    "total_packets": 127,
    "received_percentage": 100.0,
    "program start time": "2025-01-16 13:15:55",
    "sending start time": "2025-01-16 13:15:59",
    "collecting start time": "2025-01-16 13:16:03"
}