{
    "experiment_sequence": 20002,
    "start_time": 486243.087983,
    "end_time": 486243.151808,
    "total_time": 0.063825,
    "timer_frequency": 1995,
    "average_sending_rate": 1989.82,
    "signal_source_mode": 2,
    "signal_source": "n7s12",
    "received_count": 127,
    "total_packets": 127,
    "received_percentage": 100.0,
    "program start time": "2025-01-21 13:31:00",
    "sending start time": "2025-01-21 13:31:00",
    "collecting start time": "2025-01-21 13:31:03"
}