{
    "experiment_sequence": 22045,
    "start_time": 132159.217698,
    "end_time": 132159.288577,
    "total_time": 0.07088,
    "timer_frequency": 1780,
    "average_sending_rate": 1791.77,
    "signal_source_mode": 2,
    "signal_source": "n7s12",
    "received_count": 127,
    "total_packets": 127,
    "received_percentage": 100.0,
    "program start time": "2025-01-26 00:56:55",
    "sending start time": "2025-01-26 00:57:00",
    "collecting start time": "2025-01-26 00:57:03"
}