{
    "experiment_sequence": 8017,
    "start_time": 2850.885383,
    "end_time": 2851.417824,
    "total_time": 0.532441,
    "timer_frequency": 1920,
    "average_sending_rate": 1921.34,
    "signal_source_mode": 2,
    "signal_source": "n10s12",
    "received_count": 1023,
    "total_packets": 1023,
    "received_percentage": 100.0,
    "program start time": "2025-01-03 18:55:00",
    "sending start time": "2025-01-03 18:55:00",
    "collecting start time": "2025-01-03 18:55:03"
}