{
    "experiment_sequence": 8029,
    "start_time": 6264.761272,
    "end_time": 6265.311171,
    "total_time": 0.549899,
    "timer_frequency": 1860,
    "average_sending_rate": 1860.34,
    "signal_source_mode": 2,
    "signal_source": "n10s12",
    "received_count": 1023,
    "total_packets": 1023,
    "received_percentage": 100.0,
    "program start time": "2025-01-03 19:06:55",
    "sending start time": "2025-01-03 19:06:59",
    "collecting start time": "2025-01-03 19:07:03"
}