{
    "experiment_sequence": 2007,
    "start_time": 5597.884868,
    "end_time": 5597.948907,
    "total_time": 0.064039,
    "timer_frequency": 1970,
    "average_sending_rate": 1983.18,
    "signal_source_mode": 2,
    "signal_source": "n7s12",
    "received_count": 127,
    "total_packets": 127,
    "received_percentage": 100.0,
    "program start time": "2025-01-16 13:09:00",
    "sending start time": "2025-01-16 13:09:00",
    "collecting start time": "2025-01-16 13:09:03"
}