{
    "experiment_sequence": 20001,
    "start_time": 486183.082912,
    "end_time": 486183.146414,
    "total_time": 0.063502,
    "timer_frequency": 2000,
    "average_sending_rate": 1999.94,
    "signal_source_mode": 2,
    "signal_source": "n7s12",
    "received_count": 127,
    "total_packets": 127,
    "received_percentage": 100.0,
    "program start time": "2025-01-21 13:30:00",
    "sending start time": "2025-01-21 13:30:00",
    "collecting start time": "2025-01-21 13:30:03"
}