{
    "experiment_sequence": 8050,
    "start_time": 4830.883935,
    "end_time": 4831.466412,
    "total_time": 0.582477,
    "timer_frequency": 1755,
    "average_sending_rate": 1756.29,
    "signal_source_mode": 2,
    "signal_source": "n10s12",
    "received_count": 1023,
    "total_packets": 1023,
    "received_percentage": 100.0,
    "program start time": "2025-01-03 19:28:00",
    "sending start time": "2025-01-03 19:28:00",
    "collecting start time": "2025-01-03 19:28:03"
}