{
    "experiment_sequence": 20043,
    "start_time": 488703.0751,
    "end_time": 488703.145785,
    "total_time": 0.070684,
    "timer_frequency": 1790,
    "average_sending_rate": 1796.72,
    "signal_source_mode": 2,
    "signal_source": "n7s12",
    "received_count": 127,
    "total_packets": 127,
    "received_percentage": 100.0,
    "program start time": "2025-01-21 14:12:00",
    "sending start time": "2025-01-21 14:12:00",
    "collecting start time": "2025-01-21 14:12:03"
}