{
    "experiment_sequence": 2057,
    "start_time": 139738.81467,
    "end_time": 139738.888019,
    "total_time": 0.073349,
    "timer_frequency": 1720,
    "average_sending_rate": 1731.45,
    "signal_source_mode": 2,
    "signal_source": "n7s12",
    "received_count": 127,
    "total_packets": 127,
    "received_percentage": 100.0,
    "program start time": "2025-01-16 13:58:55",
    "sending start time": "2025-01-16 13:58:59",
    "collecting start time": "2025-01-16 13:59:03"
}