{
    "experiment_sequence": 4051,
    "start_time": 272578.820904,
    "end_time": 272578.893005,
    "total_time": 0.072101,
    "timer_frequency": 1750,
    "average_sending_rate": 1761.42,
    "signal_source_mode": 2,
    "signal_source": "n7s12",
    "received_count": 127,
    "total_packets": 127,
    "received_percentage": 100.0,
    "program start time": "2025-01-18 02:52:55",
    "sending start time": "2025-01-18 02:53:00",
    "collecting start time": "2025-01-18 02:53:03"
}