{
    "experiment_sequence": 101,
    "start_time": 31471.863023,
    "end_time": 31471.947055,
    "total_time": 0.084032,
    "timer_frequency": 1500,
    "average_sending_rate": 1511.34,
    "signal_source_mode": 2,
    "signal_source": "n7s12",
    "received_count": 127,
    "total_packets": 127,
    "received_percentage": 100.0,
    "program start time": "2025-01-13 01:00:00",
    "sending start time": "2025-01-13 01:00:00",
    "collecting start time": "2025-01-13 01:00:03"
}