{
    "experiment_sequence": 2010,
    "start_time": 5777.884817,
    "end_time": 5777.949352,
    "total_time": 0.064535,
    "timer_frequency": 1955,
    "average_sending_rate": 1967.94,
    "signal_source_mode": 2,
    "signal_source": "n7s12",
    "received_count": 127,
    "total_packets": 127,
    "received_percentage": 100.0,
    "program start time": "2025-01-16 13:12:00",
    "sending start time": "2025-01-16 13:12:00",
    "collecting start time": "2025-01-16 13:12:03"
}