{
    "experiment_sequence": 20039,
    "start_time": 488463.074397,
    "end_time": 488463.144195,
    "total_time": 0.069798,
    "timer_frequency": 1810,
    "average_sending_rate": 1819.55,
    "signal_source_mode": 2,
    "signal_source": "n7s12",
    "received_count": 127,
    "total_packets": 127,
    "received_percentage": 100.0,
    "program start time": "2025-01-21 14:08:00",
    "sending start time": "2025-01-21 14:08:00",
    "collecting start time": "2025-01-21 14:08:03"
}