{
    "experiment_sequence": 20003,
    "start_time": 486303.084468,
    "end_time": 486303.148437,
    "total_time": 0.063969,
    "timer_frequency": 1990,
    "average_sending_rate": 1985.33,
    "signal_source_mode": 2,
    "signal_source": "n7s12",
    "received_count": 127,
    "total_packets": 127,
    "received_percentage": 100.0,
    "program start time": "2025-01-21 13:32:00",
    "sending start time": "2025-01-21 13:32:00",
    "collecting start time": "2025-01-21 13:32:03"
}