{
    "experiment_sequence": 4030,
    "start_time": 140177.884756,
    "end_time": 140177.952769,
    "total_time": 0.068013,
    "timer_frequency": 1855,
    "average_sending_rate": 1867.28,
    "signal_source_mode": 2,
    "signal_source": "n7s12",
    "received_count": 127,
    "total_packets": 127,
    "received_percentage": 100.0,
    "program start time": "2025-01-18 02:32:00",
    "sending start time": "2025-01-18 02:32:00",
    "collecting start time": "2025-01-18 02:32:03"
}