{
    "experiment_sequence": 22020,
    "start_time": 136496.511685,
    "end_time": 136496.577846,
    "total_time": 0.066161,
    "timer_frequency": 1905,
    "average_sending_rate": 1919.56,
    "signal_source_mode": 2,
    "signal_source": "n7s12",
    "received_count": 127,
    "total_packets": 127,
    "received_percentage": 100.0,
    "program start time": "2025-01-26 02:30:00",
    "sending start time": "2025-01-26 02:30:00",
    "collecting start time": "2025-01-26 02:30:03"
}