{
    "experiment_sequence": 6002,
    "start_time": 8166.294003,
    "end_time": 8166.357303,
    "total_time": 0.063299,
    "timer_frequency": 1995,
    "average_sending_rate": 2006.34,
    "signal_source_mode": 2,
    "signal_source": "n7s12",
    "received_count": 127,
    "total_packets": 127,
    "received_percentage": 100.0,
    "program start time": "2025-02-21 17:30:00",
    "sending start time": "2025-02-21 17:30:00",
    "collecting start time": "2025-02-21 17:30:03"
}