{
    "experiment_sequence": 4020,
    "start_time": 139577.884794,
    "end_time": 139577.95103,
    "total_time": 0.066236,
    "timer_frequency": 1905,
    "average_sending_rate": 1917.4,
    "signal_source_mode": 2,
    "signal_source": "n7s12",
    "received_count": 127,
    "total_packets": 127,
    "received_percentage": 100.0,
    "program start time": "2025-01-18 02:22:00",
    "sending start time": "2025-01-18 02:22:00",
    "collecting start time": "2025-01-18 02:22:03"
}