{
    "experiment_sequence": 20048,
    "start_time": 414237.302114,
    "end_time": 414237.373616,
    "total_time": 0.071502,
    "timer_frequency": 1765,
    "average_sending_rate": 1776.16,
    "signal_source_mode": 2,
    "signal_source": "n7s12",
    "received_count": 127,
    "total_packets": 127,
    "received_percentage": 100.0,
    "program start time": "2025-01-23 16:31:37",
    "sending start time": "2025-01-23 16:31:37",
    "collecting start time": "2025-01-23 16:31:43"
}