{
    "experiment_sequence": 20031,
    "start_time": 232339.488237,
    "end_time": 232339.55639,
    "total_time": 0.068154,
    "timer_frequency": 1850,
    "average_sending_rate": 1863.44,
    "signal_source_mode": 2,
    "signal_source": "n7s12",
    "received_count": 127,
    "total_packets": 127,
    "received_percentage": 100.0,
    "program start time": "2025-01-21 13:59:55",
    "sending start time": "2025-01-21 14:00:00",
    "collecting start time": "2025-01-21 14:00:04"
}