{
    "experiment_sequence": 1009,
    "start_time": 86011.862862,
    "end_time": 86012.394217,
    "total_time": 0.531355,
    "timer_frequency": 960,
    "average_sending_rate": 961.69,
    "signal_source_mode": 2,
    "signal_source": "n9s12",
    "received_count": 511,
    "total_packets": 511,
    "received_percentage": 100.0,
    "program start time": "2025-01-13 16:09:00",
    "sending start time": "2025-01-13 16:09:00",
    "collecting start time": "2025-01-13 16:09:03"
}