{
    "experiment_sequence": 6018,
    "start_time": 9126.293809,
    "end_time": 9126.359687,
    "total_time": 0.065877,
    "timer_frequency": 1915,
    "average_sending_rate": 1927.82,
    "signal_source_mode": 2,
    "signal_source": "n7s12",
    "received_count": 127,
    "total_packets": 127,
    "received_percentage": 100.0,
    "program start time": "2025-02-21 17:46:00",
    "sending start time": "2025-02-21 17:46:00",
    "collecting start time": "2025-02-21 17:46:03"
}