{
    "experiment_sequence": 6019,
    "start_time": 9186.294626,
    "end_time": 9186.360677,
    "total_time": 0.066051,
    "timer_frequency": 1910,
    "average_sending_rate": 1922.77,
    "signal_source_mode": 2,
    "signal_source": "n7s12",
    "received_count": 127,
    "total_packets": 127,
    "received_percentage": 100.0,
    "program start time": "2025-02-21 17:47:00",
    "sending start time": "2025-02-21 17:47:00",
    "collecting start time": "2025-02-21 17:47:03"
}