{
    "experiment_sequence": 8045,
    "start_time": 4530.884058,
    "end_time": 4531.458882,
    "total_time": 0.574824,
    "timer_frequency": 1780,
    "average_sending_rate": 1779.68,
    "signal_source_mode": 2,
    "signal_source": "n10s12",
    "received_count": 1023,
    "total_packets": 1023,
    "received_percentage": 100.0,
    "program start time": "2025-01-03 19:23:00",
    "sending start time": "2025-01-03 19:23:00",
    "collecting start time": "2025-01-03 19:23:03"
}