{
    "experiment_sequence": 1024,
    "start_time": 86911.863099,
    "end_time": 86912.439469,
    "total_time": 0.576371,
    "timer_frequency": 885,
    "average_sending_rate": 886.58,
    "signal_source_mode": 2,
    "signal_source": "n9s12",
    "received_count": 511,
    "total_packets": 511,
    "received_percentage": 100.0,
    "program start time": "2025-01-13 16:24:00",
    "sending start time": "2025-01-13 16:24:00",
    "collecting start time": "2025-01-13 16:24:03"
}