{
    "experiment_sequence": 20053,
    "start_time": 233659.489737,
    "end_time": 233659.562186,
    "total_time": 0.072449,
    "timer_frequency": 1740,
    "average_sending_rate": 1752.97,
    "signal_source_mode": 2,
    "signal_source": "n7s12",
    "received_count": 127,
    "total_packets": 127,
    "received_percentage": 100.0,
    "program start time": "2025-01-21 14:21:55",
    "sending start time": "2025-01-21 14:22:00",
    "collecting start time": "2025-01-21 14:22:05"
}