{
    "experiment_sequence": 20009,
    "start_time": 231019.485183,
    "end_time": 231019.549585,
    "total_time": 0.064402,
    "timer_frequency": 1960,
    "average_sending_rate": 1971.98,
    "signal_source_mode": 2,
    "signal_source": "n7s12",
    "received_count": 127,
    "total_packets": 127,
    "received_percentage": 100.0,
    "program start time": "2025-01-21 13:37:55",
    "sending start time": "2025-01-21 13:38:00",
    "collecting start time": "2025-01-21 13:38:04"
}