{
    "experiment_sequence": 8019,
    "start_time": 2970.884339,
    "end_time": 2971.419565,
    "total_time": 0.535226,
    "timer_frequency": 1910,
    "average_sending_rate": 1911.34,
    "signal_source_mode": 2,
    "signal_source": "n10s12",
    "received_count": 1023,
    "total_packets": 1023,
    "received_percentage": 100.0,
    "program start time": "2025-01-03 18:57:00",
    "sending start time": "2025-01-03 18:57:00",
    "collecting start time": "2025-01-03 18:57:03"
}