{
    "experiment_sequence": 4024,
    "start_time": 270958.818981,
    "end_time": 270958.885918,
    "total_time": 0.066938,
    "timer_frequency": 1885,
    "average_sending_rate": 1897.29,
    "signal_source_mode": 2,
    "signal_source": "n7s12",
    "received_count": 127,
    "total_packets": 127,
    "received_percentage": 100.0,
    "program start time": "2025-01-18 02:25:55",
    "sending start time": "2025-01-18 02:26:00",
    "collecting start time": "2025-01-18 02:26:03"
}