{
    "experiment_sequence": 6015,
    "start_time": 6622.672449,
    "end_time": 6622.737834,
    "total_time": 0.065385,
    "timer_frequency": 1930,
    "average_sending_rate": 1942.34,
    "signal_source_mode": 2,
    "signal_source": "n7s12",
    "received_count": 127,
    "total_packets": 127,
    "received_percentage": 100.0,
    "program start time": "2025-02-21 17:42:55",
    "sending start time": "2025-02-21 17:42:59",
    "collecting start time": "2025-02-21 17:43:02"
}