{
    "experiment_sequence": 6053,
    "start_time": 8902.672527,
    "end_time": 8902.745034,
    "total_time": 0.072507,
    "timer_frequency": 1740,
    "average_sending_rate": 1751.56,
    "signal_source_mode": 2,
    "signal_source": "n7s12",
    "received_count": 127,
    "total_packets": 127,
    "received_percentage": 100.0,
    "program start time": "2025-02-21 18:20:55",
    "sending start time": "2025-02-21 18:21:00",
    "collecting start time": "2025-02-21 18:21:03"
}