{
    "experiment_sequence": 2020,
    "start_time": 137518.803429,
    "end_time": 137518.869683,
    "total_time": 0.066254,
    "timer_frequency": 1905,
    "average_sending_rate": 1916.86,
    "signal_source_mode": 2,
    "signal_source": "n7s12",
    "received_count": 127,
    "total_packets": 127,
    "received_percentage": 100.0,
    "program start time": "2025-01-16 13:21:55",
    "sending start time": "2025-01-16 13:21:59",
    "collecting start time": "2025-01-16 13:22:03"
}