{
    "experiment_sequence": 22059,
    "start_time": 139256.548655,
    "end_time": 139256.622359,
    "total_time": 0.073703,
    "timer_frequency": 1710,
    "average_sending_rate": 1723.13,
    "signal_source_mode": 2,
    "signal_source": "n7s12",
    "received_count": 127,
    "total_packets": 127,
    "received_percentage": 100.0,
    "program start time": "2025-01-26 03:16:00",
    "sending start time": "2025-01-26 03:16:00",
    "collecting start time": "2025-01-26 03:16:03"
}