{
    "experiment_sequence": 20046,
    "start_time": 488883.089708,
    "end_time": 488883.160929,
    "total_time": 0.071221,
    "timer_frequency": 1775,
    "average_sending_rate": 1783.17,
    "signal_source_mode": 2,
    "signal_source": "n7s12",
    "received_count": 127,
    "total_packets": 127,
    "received_percentage": 100.0,
    "program start time": "2025-01-21 14:15:00",
    "sending start time": "2025-01-21 14:15:00",
    "collecting start time": "2025-01-21 14:15:03"
}