{
    "experiment_sequence": 8044,
    "start_time": 7164.761102,
    "end_time": 7165.337784,
    "total_time": 0.576682,
    "timer_frequency": 1785,
    "average_sending_rate": 1773.94,
    "signal_source_mode": 2,
    "signal_source": "n10s12",
    "received_count": 1023,
    "total_packets": 1023,
    "received_percentage": 100.0,
    "program start time": "2025-01-03 19:21:55",
    "sending start time": "2025-01-03 19:21:59",
    "collecting start time": "2025-01-03 19:22:03"
}