{
    "experiment_sequence": 20007,
    "start_time": 230899.489026,
    "end_time": 230899.553021,
    "total_time": 0.063996,
    "timer_frequency": 1970,
    "average_sending_rate": 1984.51,
    "signal_source_mode": 2,
    "signal_source": "n7s12",
    "received_count": 127,
    "total_packets": 127,
    "received_percentage": 100.0,
    "program start time": "2025-01-21 13:35:55",
    "sending start time": "2025-01-21 13:36:00",
    "collecting start time": "2025-01-21 13:36:03"
}