{
    "experiment_sequence": 20058,
    "start_time": 489603.086716,
    "end_time": 489603.160768,
    "total_time": 0.074052,
    "timer_frequency": 1715,
    "average_sending_rate": 1715.01,
    "signal_source_mode": 2,
    "signal_source": "n7s12",
    "received_count": 127,
    "total_packets": 127,
    "received_percentage": 100.0,
    "program start time": "2025-01-21 14:27:00",
    "sending start time": "2025-01-21 14:27:00",
    "collecting start time": "2025-01-21 14:27:03"
}