{
    "experiment_sequence": 8034,
    "start_time": 6564.759398,
    "end_time": 6565.319205,
    "total_time": 0.559807,
    "timer_frequency": 1835,
    "average_sending_rate": 1827.42,
    "signal_source_mode": 2,
    "signal_source": "n10s12",
    "received_count": 1023,
    "total_packets": 1023,
    "received_percentage": 100.0,
    "program start time": "2025-01-03 19:11:55",
    "sending start time": "2025-01-03 19:11:59",
    "collecting start time": "2025-01-03 19:12:03"
}