{
    "experiment_sequence": 1000,
    "start_time": 63229.221501,
    "end_time": 63229.72919,
    "total_time": 0.50769,
    "timer_frequency": 1005,
    "average_sending_rate": 1006.52,
    "signal_source_mode": 2,
    "signal_source": "n9s12",
    "received_count": 511,
    "total_packets": 511,
    "received_percentage": 100.0,
    "program start time": "2025-01-13 15:59:55",
    "sending start time": "2025-01-13 16:00:00",
    "collecting start time": "2025-01-13 16:00:03"
}