{
    "experiment_sequence": 1012,
    "start_time": 63949.222113,
    "end_time": 63949.762026,
    "total_time": 0.539914,
    "timer_frequency": 945,
    "average_sending_rate": 946.45,
    "signal_source_mode": 2,
    "signal_source": "n9s12",
    "received_count": 511,
    "total_packets": 511,
    "received_percentage": 100.0,
    "program start time": "2025-01-13 16:11:55",
    "sending start time": "2025-01-13 16:12:00",
    "collecting start time": "2025-01-13 16:12:03"
}