{
    "experiment_sequence": 6003,
    "start_time": 5902.673003,
    "end_time": 5902.736417,
    "total_time": 0.063414,
    "timer_frequency": 1990,
    "average_sending_rate": 2002.71,
    "signal_source_mode": 2,
    "signal_source": "n7s12",
    "received_count": 127,
    "total_packets": 127,
    "received_percentage": 100.0,
    "program start time": "2025-02-21 17:30:55",
    "sending start time": "2025-02-21 17:30:59",
    "collecting start time": "2025-02-21 17:31:02"
}