{
    "experiment_sequence": 2037,
    "start_time": 138538.812368,
    "end_time": 138538.881695,
    "total_time": 0.069327,
    "timer_frequency": 1820,
    "average_sending_rate": 1831.9,
    "signal_source_mode": 2,
    "signal_source": "n7s12",
    "received_count": 127,
    "total_packets": 127,
    "received_percentage": 100.0,
    "program start time": "2025-01-16 13:38:55",
    "sending start time": "2025-01-16 13:38:59",
    "collecting start time": "2025-01-16 13:39:03"
}