{
    "experiment_sequence": 1020,
    "start_time": 86671.863646,
    "end_time": 86672.427276,
    "total_time": 0.563631,
    "timer_frequency": 905,
    "average_sending_rate": 906.62,
    "signal_source_mode": 2,
    "signal_source": "n9s12",
    "received_count": 511,
    "total_packets": 511,
    "received_percentage": 100.0,
    "program start time": "2025-01-13 16:20:00",
    "sending start time": "2025-01-13 16:20:00",
    "collecting start time": "2025-01-13 16:20:03"
}