{
    "experiment_sequence": 20041,
    "start_time": 232939.491269,
    "end_time": 232939.561306,
    "total_time": 0.070036,
    "timer_frequency": 1800,
    "average_sending_rate": 1813.34,
    "signal_source_mode": 2,
    "signal_source": "n7s12",
    "received_count": 127,
    "total_packets": 127,
    "received_percentage": 100.0,
    "program start time": "2025-01-21 14:09:55",
    "sending start time": "2025-01-21 14:10:00",
    "collecting start time": "2025-01-21 14:10:04"
}