{
    "experiment_sequence": 6055,
    "start_time": 11346.293842,
    "end_time": 11346.366753,
    "total_time": 0.072911,
    "timer_frequency": 1730,
    "average_sending_rate": 1741.86,
    "signal_source_mode": 2,
    "signal_source": "n7s12",
    "received_count": 127,
    "total_packets": 127,
    "received_percentage": 100.0,
    "program start time": "2025-02-21 18:23:00",
    "sending start time": "2025-02-21 18:23:00",
    "collecting start time": "2025-02-21 18:23:03"
}