{
    "experiment_sequence": 1046,
    "start_time": 88231.862979,
    "end_time": 88232.521127,
    "total_time": 0.658148,
    "timer_frequency": 775,
    "average_sending_rate": 776.42,
    "signal_source_mode": 2,
    "signal_source": "n9s12",
    "received_count": 511,
    "total_packets": 511,
    "received_percentage": 100.0,
    "program start time": "2025-01-13 16:46:00",
    "sending start time": "2025-01-13 16:46:00",
    "collecting start time": "2025-01-13 16:46:03"
}