{
    "experiment_sequence": 2016,
    "start_time": 6137.884716,
    "end_time": 6137.950244,
    "total_time": 0.065528,
    "timer_frequency": 1925,
    "average_sending_rate": 1938.09,
    "signal_source_mode": 2,
    "signal_source": "n7s12",
    "received_count": 127,
    "total_packets": 127,
    "received_percentage": 100.0,
    "program start time": "2025-01-16 13:18:00",
    "sending start time": "2025-01-16 13:18:00",
    "collecting start time": "2025-01-16 13:18:03"
}