{
    "experiment_sequence": 20019,
    "start_time": 487263.085208,
    "end_time": 487263.151407,
    "total_time": 0.066199,
    "timer_frequency": 1910,
    "average_sending_rate": 1918.45,
    "signal_source_mode": 2,
    "signal_source": "n7s12",
    "received_count": 127,
    "total_packets": 127,
    "received_percentage": 100.0,
    "program start time": "2025-01-21 13:48:00",
    "sending start time": "2025-01-21 13:48:00",
    "collecting start time": "2025-01-21 13:48:03"
}