{
    "experiment_sequence": 20053,
    "start_time": 489303.086977,
    "end_time": 489303.159558,
    "total_time": 0.072581,
    "timer_frequency": 1740,
    "average_sending_rate": 1749.77,
    "signal_source_mode": 2,
    "signal_source": "n7s12",
    "received_count": 127,
    "total_packets": 127,
    "received_percentage": 100.0,
    "program start time": "2025-01-21 14:22:00",
    "sending start time": "2025-01-21 14:22:00",
    "collecting start time": "2025-01-21 14:22:03"
}