{
    "experiment_sequence": 2043,
    "start_time": 138898.81167,
    "end_time": 138898.882153,
    "total_time": 0.070483,
    "timer_frequency": 1790,
    "average_sending_rate": 1801.86,
    "signal_source_mode": 2,
    "signal_source": "n7s12",
    "received_count": 127,
    "total_packets": 127,
    "received_percentage": 100.0,
    "program start time": "2025-01-16 13:44:55",
    "sending start time": "2025-01-16 13:44:59",
    "collecting start time": "2025-01-16 13:45:03"
}