{
    "experiment_sequence": 20007,
    "start_time": 486543.086488,
    "end_time": 486543.150577,
    "total_time": 0.064088,
    "timer_frequency": 1970,
    "average_sending_rate": 1981.64,
    "signal_source_mode": 2,
    "signal_source": "n7s12",
    "received_count": 127,
    "total_packets": 127,
    "received_percentage": 100.0,
    "program start time": "2025-01-21 13:36:00",
    "sending start time": "2025-01-21 13:36:00",
    "collecting start time": "2025-01-21 13:36:03"
}