{
    "experiment_sequence": 1008,
    "start_time": 63709.221816,
    "end_time": 63709.750556,
    "total_time": 0.528739,
    "timer_frequency": 965,
    "average_sending_rate": 966.45,
    "signal_source_mode": 2,
    "signal_source": "n9s12",
    "received_count": 511,
    "total_packets": 511,
    "received_percentage": 100.0,
    "program start time": "2025-01-13 16:07:55",
    "sending start time": "2025-01-13 16:08:00",
    "collecting start time": "2025-01-13 16:08:03"
}