{
    "experiment_sequence": 6049,
    "start_time": 10986.293879,
    "end_time": 10986.366076,
    "total_time": 0.072197,
    "timer_frequency": 1760,
    "average_sending_rate": 1759.08,
    "signal_source_mode": 2,
    "signal_source": "n7s12",
    "received_count": 127,
    "total_packets": 127,
    "received_percentage": 100.0,
    "program start time": "2025-02-21 18:17:00",
    "sending start time": "2025-02-21 18:17:00",
    "collecting start time": "2025-02-21 18:17:03"
}