{
    "experiment_sequence": 8062,
    "start_time": 5550.88455,
    "end_time": 5551.489756,
    "total_time": 0.605206,
    "timer_frequency": 1695,
    "average_sending_rate": 1690.33,
    "signal_source_mode": 2,
    "signal_source": "n10s12",
    "received_count": 1023,
    "total_packets": 1023,
    "received_percentage": 100.0,
    "program start time": "2025-01-03 19:40:00",
    "sending start time": "2025-01-03 19:40:00",
    "collecting start time": "2025-01-03 19:40:03"
}