{
    "experiment_sequence": 20058,
    "start_time": 233959.489385,
    "end_time": 233959.562931,
    "total_time": 0.073547,
    "timer_frequency": 1715,
    "average_sending_rate": 1726.8,
    "signal_source_mode": 2,
    "signal_source": "n7s12",
    "received_count": 127,
    "total_packets": 127,
    "received_percentage": 100.0,
    "program start time": "2025-01-21 14:26:55",
    "sending start time": "2025-01-21 14:27:00",
    "collecting start time": "2025-01-21 14:27:04"
}