{
    "experiment_sequence": 4049,
    "start_time": 272458.820123,
    "end_time": 272458.891811,
    "total_time": 0.071689,
    "timer_frequency": 1760,
    "average_sending_rate": 1771.55,
    "signal_source_mode": 2,
    "signal_source": "n7s12",
    "received_count": 127,
    "total_packets": 127,
    "received_percentage": 100.0,
    "program start time": "2025-01-18 02:50:55",
    "sending start time": "2025-01-18 02:51:00",
    "collecting start time": "2025-01-18 02:51:03"
}