{
    "experiment_sequence": 8004,
    "start_time": 4764.76154,
    "end_time": 4765.279246,
    "total_time": 0.517706,
    "timer_frequency": 1985,
    "average_sending_rate": 1976.03,
    "signal_source_mode": 2,
    "signal_source": "n10s12",
    "received_count": 1023,
    "total_packets": 1023,
    "received_percentage": 100.0,
    "program start time": "2025-01-03 18:41:55",
    "sending start time": "2025-01-03 18:41:59",
    "collecting start time": "2025-01-03 18:42:03"
}