{
    "experiment_sequence": 4023,
    "start_time": 270898.818833,
    "end_time": 270898.885598,
    "total_time": 0.066765,
    "timer_frequency": 1890,
    "average_sending_rate": 1902.19,
    "signal_source_mode": 2,
    "signal_source": "n7s12",
    "received_count": 127,
    "total_packets": 127,
    "received_percentage": 100.0,
    "program start time": "2025-01-18 02:24:55",
    "sending start time": "2025-01-18 02:25:00",
    "collecting start time": "2025-01-18 02:25:03"
}