{
    "experiment_sequence": 4036,
    "start_time": 140537.885841,
    "end_time": 140537.954966,
    "total_time": 0.069125,
    "timer_frequency": 1825,
    "average_sending_rate": 1837.26,
    "signal_source_mode": 2,
    "signal_source": "n7s12",
    "received_count": 127,
    "total_packets": 127,
    "received_percentage": 100.0,
    "program start time": "2025-01-18 02:38:00",
    "sending start time": "2025-01-18 02:38:00",
    "collecting start time": "2025-01-18 02:38:03"
}