{
    "experiment_sequence": 2059,
    "start_time": 8717.884966,
    "end_time": 8717.959284,
    "total_time": 0.074317,
    "timer_frequency": 1710,
    "average_sending_rate": 1708.89,
    "signal_source_mode": 2,
    "signal_source": "n7s12",
    "received_count": 127,
    "total_packets": 127,
    "received_percentage": 100.0,
    "program start time": "2025-01-16 14:01:00",
    "sending start time": "2025-01-16 14:01:00",
    "collecting start time": "2025-01-16 14:01:03"
}