{
    "experiment_sequence": 8024,
    "start_time": 5964.762291,
    "end_time": 5965.306711,
    "total_time": 0.54442,
    "timer_frequency": 1885,
    "average_sending_rate": 1879.07,
    "signal_source_mode": 2,
    "signal_source": "n10s12",
    "received_count": 1023,
    "total_packets": 1023,
    "received_percentage": 100.0,
    "program start time": "2025-01-03 19:01:55",
    "sending start time": "2025-01-03 19:01:59",
    "collecting start time": "2025-01-03 19:02:03"
}