{
    "experiment_sequence": 22002,
    "start_time": 140516.557645,
    "end_time": 140516.620822,
    "total_time": 0.063177,
    "timer_frequency": 1995,
    "average_sending_rate": 2010.23,
    "signal_source_mode": 2,
    "signal_source": "n7s12",
    "received_count": 127,
    "total_packets": 127,
    "received_percentage": 100.0,
    "program start time": "2025-01-26 03:37:00",
    "sending start time": "2025-01-26 03:37:00",
    "collecting start time": "2025-01-26 03:37:03"
}