{
    "experiment_sequence": 1021,
    "start_time": 86731.862783,
    "end_time": 86732.429549,
    "total_time": 0.566766,
    "timer_frequency": 900,
    "average_sending_rate": 901.61,
    "signal_source_mode": 2,
    "signal_source": "n9s12",
    "received_count": 511,
    "total_packets": 511,
    "received_percentage": 100.0,
    "program start time": "2025-01-13 16:21:00",
    "sending start time": "2025-01-13 16:21:00",
    "collecting start time": "2025-01-13 16:21:03"
}