{
    "experiment_sequence": 4007,
    "start_time": 269938.819363,
    "end_time": 269938.883422,
    "total_time": 0.064059,
    "timer_frequency": 1970,
    "average_sending_rate": 1982.54,
    "signal_source_mode": 2,
    "signal_source": "n7s12",
    "received_count": 127,
    "total_packets": 127,
    "received_percentage": 100.0,
    "program start time": "2025-01-18 02:08:55",
    "sending start time": "2025-01-18 02:09:00",
    "collecting start time": "2025-01-18 02:09:03"
}