{
    "experiment_sequence": 20055,
    "start_time": 489423.086129,
    "end_time": 489423.159148,
    "total_time": 0.073019,
    "timer_frequency": 1730,
    "average_sending_rate": 1739.26,
    "signal_source_mode": 2,
    "signal_source": "n7s12",
    "received_count": 127,
    "total_packets": 127,
    "received_percentage": 100.0,
    "program start time": "2025-01-21 14:24:00",
    "sending start time": "2025-01-21 14:24:00",
    "collecting start time": "2025-01-21 14:24:03"
}