{
    "experiment_sequence": 6056,
    "start_time": 9082.672354,
    "end_time": 9082.745491,
    "total_time": 0.073137,
    "timer_frequency": 1725,
    "average_sending_rate": 1736.47,
    "signal_source_mode": 2,
    "signal_source": "n7s12",
    "received_count": 127,
    "total_packets": 127,
    "received_percentage": 100.0,
    "program start time": "2025-02-21 18:23:55",
    "sending start time": "2025-02-21 18:24:00",
    "collecting start time": "2025-02-21 18:24:03"
}