{
    "experiment_sequence": 8035,
    "start_time": 6624.758006,
    "end_time": 6625.31866,
    "total_time": 0.560655,
    "timer_frequency": 1830,
    "average_sending_rate": 1824.65,
    "signal_source_mode": 2,
    "signal_source": "n10s12",
    "received_count": 1023,
    "total_packets": 1023,
    "received_percentage": 100.0,
    "program start time": "2025-01-03 19:12:55",
    "sending start time": "2025-01-03 19:12:59",
    "collecting start time": "2025-01-03 19:13:03"
}