{
    "experiment_sequence": 8054,
    "start_time": 5070.884097,
    "end_time": 5071.473316,
    "total_time": 0.589219,
    "timer_frequency": 1735,
    "average_sending_rate": 1736.2,
    "signal_source_mode": 2,
    "signal_source": "n10s12",
    "received_count": 1023,
    "total_packets": 1023,
    "received_percentage": 100.0,
    "program start time": "2025-01-03 19:32:00",
    "sending start time": "2025-01-03 19:32:00",
    "collecting start time": "2025-01-03 19:32:03"
}