{
    "experiment_sequence": 24015,
    "start_time": 127976.360092,
    "end_time": 127976.425414,
    "total_time": 0.065323,
    "timer_frequency": 1930,
    "average_sending_rate": 1944.2,
    "signal_source_mode": 2,
    "signal_source": "n7s12",
    "received_count": 127,
    "total_packets": 127,
    "received_percentage": 100.0,
    "program start time": "2025-01-26 00:33:55",
    "sending start time": "2025-01-26 00:34:00",
    "collecting start time": "2025-01-26 00:34:03"
}