{
    "experiment_sequence": 6012,
    "start_time": 8766.293739,
    "end_time": 8766.358654,
    "total_time": 0.064915,
    "timer_frequency": 1945,
    "average_sending_rate": 1956.39,
    "signal_source_mode": 2,
    "signal_source": "n7s12",
    "received_count": 127,
    "total_packets": 127,
    "received_percentage": 100.0,
    "program start time": "2025-02-21 17:40:00",
    "sending start time": "2025-02-21 17:40:00",
    "collecting start time": "2025-02-21 17:40:03"
}