{
    "experiment_sequence": 20035,
    "start_time": 232579.49005,
    "end_time": 232579.558942,
    "total_time": 0.068892,
    "timer_frequency": 1830,
    "average_sending_rate": 1843.47,
    "signal_source_mode": 2,
    "signal_source": "n7s12",
    "received_count": 127,
    "total_packets": 127,
    "received_percentage": 100.0,
    "program start time": "2025-01-21 14:03:55",
    "sending start time": "2025-01-21 14:04:00",
    "collecting start time": "2025-01-21 14:04:03"
}