{
    "experiment_sequence": 8044,
    "start_time": 4470.883991,
    "end_time": 4471.456862,
    "total_time": 0.572871,
    "timer_frequency": 1785,
    "average_sending_rate": 1785.74,
    "signal_source_mode": 2,
    "signal_source": "n10s12",
    "received_count": 1023,
    "total_packets": 1023,
    "received_percentage": 100.0,
    "program start time": "2025-01-03 19:22:00",
    "sending start time": "2025-01-03 19:22:00",
    "collecting start time": "2025-01-03 19:22:03"
}