{
    "experiment_sequence": 2061,
    "start_time": 139978.815099,
    "end_time": 139978.889309,
    "total_time": 0.07421,
    "timer_frequency": 1700,
    "average_sending_rate": 1711.37,
    "signal_source_mode": 2,
    "signal_source": "n7s12",
    "received_count": 127,
    "total_packets": 127,
    "received_percentage": 100.0,
    "program start time": "2025-01-16 14:02:55",
    "sending start time": "2025-01-16 14:02:59",
    "collecting start time": "2025-01-16 14:03:03"
}