{
    "experiment_sequence": 4035,
    "start_time": 271618.819735,
    "end_time": 271618.888694,
    "total_time": 0.068959,
    "timer_frequency": 1830,
    "average_sending_rate": 1841.69,
    "signal_source_mode": 2,
    "signal_source": "n7s12",
    "received_count": 127,
    "total_packets": 127,
    "received_percentage": 100.0,
    "program start time": "2025-01-18 02:36:55",
    "sending start time": "2025-01-18 02:37:00",
    "collecting start time": "2025-01-18 02:37:03"
}