{
    "experiment_sequence": 6062,
    "start_time": 11766.29375,
    "end_time": 11766.368161,
    "total_time": 0.074411,
    "timer_frequency": 1695,
    "average_sending_rate": 1706.73,
    "signal_source_mode": 2,
    "signal_source": "n7s12",
    "received_count": 127,
    "total_packets": 127,
    "received_percentage": 100.0,
    "program start time": "2025-02-21 18:30:00",
    "sending start time": "2025-02-21 18:30:00",
    "collecting start time": "2025-02-21 18:30:03"
}