{
    "experiment_sequence": 2016,
    "start_time": 137278.795134,
    "end_time": 137278.860689,
    "total_time": 0.065555,
    "timer_frequency": 1925,
    "average_sending_rate": 1937.31,
    "signal_source_mode": 2,
    "signal_source": "n7s12",
    "received_count": 127,
    "total_packets": 127,
    "received_percentage": 100.0,
    "program start time": "2025-01-16 13:17:55",
    "sending start time": "2025-01-16 13:17:59",
    "collecting start time": "2025-01-16 13:18:03"
}