{
    "experiment_sequence": 20060,
    "start_time": 234079.491078,
    "end_time": 234079.565018,
    "total_time": 0.07394,
    "timer_frequency": 1705,
    "average_sending_rate": 1717.61,
    "signal_source_mode": 2,
    "signal_source": "n7s12",
    "received_count": 127,
    "total_packets": 127,
    "received_percentage": 100.0,
    "program start time": "2025-01-21 14:28:55",
    "sending start time": "2025-01-21 14:29:00",
    "collecting start time": "2025-01-21 14:29:05"
}