{
    "experiment_sequence": 6041,
    "start_time": 8182.672419,
    "end_time": 8182.742516,
    "total_time": 0.070097,
    "timer_frequency": 1800,
    "average_sending_rate": 1811.77,
    "signal_source_mode": 2,
    "signal_source": "n7s12",
    "received_count": 127,
    "total_packets": 127,
    "received_percentage": 100.0,
    "program start time": "2025-02-21 18:08:55",
    "sending start time": "2025-02-21 18:09:00",
    "collecting start time": "2025-02-21 18:09:03"
}