{
    "experiment_sequence": 1007,
    "start_time": 63649.221585,
    "end_time": 63649.747607,
    "total_time": 0.526022,
    "timer_frequency": 970,
    "average_sending_rate": 971.44,
    "signal_source_mode": 2,
    "signal_source": "n9s12",
    "received_count": 511,
    "total_packets": 511,
    "received_percentage": 100.0,
    "program start time": "2025-01-13 16:06:55",
    "sending start time": "2025-01-13 16:07:00",
    "collecting start time": "2025-01-13 16:07:03"
}