{
    "experiment_sequence": 20045,
    "start_time": 233179.488436,
    "end_time": 233179.559297,
    "total_time": 0.070861,
    "timer_frequency": 1780,
    "average_sending_rate": 1792.25,
    "signal_source_mode": 2,
    "signal_source": "n7s12",
    "received_count": 127,
    "total_packets": 127,
    "received_percentage": 100.0,
    "program start time": "2025-01-21 14:13:55",
    "sending start time": "2025-01-21 14:14:00",
    "collecting start time": "2025-01-21 14:14:03"
}