{
    "experiment_sequence": 20035,
    "start_time": 488223.087199,
    "end_time": 488223.156516,
    "total_time": 0.069317,
    "timer_frequency": 1830,
    "average_sending_rate": 1832.16,
    "signal_source_mode": 2,
    "signal_source": "n7s12",
    "received_count": 127,
    "total_packets": 127,
    "received_percentage": 100.0,
    "program start time": "2025-01-21 14:04:00",
    "sending start time": "2025-01-21 14:04:00",
    "collecting start time": "2025-01-21 14:04:03"
}