{
    "experiment_sequence": 6045,
    "start_time": 8422.672598,
    "end_time": 8422.743553,
    "total_time": 0.070955,
    "timer_frequency": 1780,
    "average_sending_rate": 1789.87,
    "signal_source_mode": 2,
    "signal_source": "n7s12",
    "received_count": 127,
    "total_packets": 127,
    "received_percentage": 100.0,
    "program start time": "2025-02-21 18:12:55",
    "sending start time": "2025-02-21 18:13:00",
    "collecting start time": "2025-02-21 18:13:03"
}