{
    "experiment_sequence": 6046,
    "start_time": 8482.672873,
    "end_time": 8482.743961,
    "total_time": 0.071088,
    "timer_frequency": 1775,
    "average_sending_rate": 1786.53,
    "signal_source_mode": 2,
    "signal_source": "n7s12",
    "received_count": 127,
    "total_packets": 127,
    "received_percentage": 100.0,
    "program start time": "2025-02-21 18:13:55",
    "sending start time": "2025-02-21 18:14:00",
    "collecting start time": "2025-02-21 18:14:03"
}