{
    "experiment_sequence": 8023,
    "start_time": 5904.762853,
    "end_time": 5905.304386,
    "total_time": 0.541534,
    "timer_frequency": 1890,
    "average_sending_rate": 1889.08,
    "signal_source_mode": 2,
    "signal_source": "n10s12",
    "received_count": 1023,
    "total_packets": 1023,
    "received_percentage": 100.0,
    "program start time": "2025-01-03 19:00:55",
    "sending start time": "2025-01-03 19:01:00",
    "collecting start time": "2025-01-03 19:01:03"
}