{
    "experiment_sequence": 8027,
    "start_time": 3450.884144,
    "end_time": 3451.430805,
    "total_time": 0.546661,
    "timer_frequency": 1870,
    "average_sending_rate": 1871.36,
    "signal_source_mode": 2,
    "signal_source": "n10s12",
    "received_count": 1023,
    "total_packets": 1023,
    "received_percentage": 100.0,
    "program start time": "2025-01-03 19:05:00",
    "sending start time": "2025-01-03 19:05:00",
    "collecting start time": "2025-01-03 19:05:03"
}