{
    "experiment_sequence": 20039,
    "start_time": 232819.477271,
    "end_time": 232819.546931,
    "total_time": 0.069661,
    "timer_frequency": 1810,
    "average_sending_rate": 1823.13,
    "signal_source_mode": 2,
    "signal_source": "n7s12",
    "received_count": 127,
    "total_packets": 127,
    "received_percentage": 100.0,
    "program start time": "2025-01-21 14:07:55",
    "sending start time": "2025-01-21 14:08:00",
    "collecting start time": "2025-01-21 14:08:04"
}