{
    "experiment_sequence": 1040,
    "start_time": 65629.223132,
    "end_time": 65629.856896,
    "total_time": 0.633764,
    "timer_frequency": 805,
    "average_sending_rate": 806.29,
    "signal_source_mode": 2,
    "signal_source": "n9s12",
    "received_count": 511,
    "total_packets": 511,
    "received_percentage": 100.0,
    "program start time": "2025-01-13 16:39:55",
    "sending start time": "2025-01-13 16:40:00",
    "collecting start time": "2025-01-13 16:40:03"
}