{
    "experiment_sequence": 8002,
    "start_time": 1950.884232,
    "end_time": 1951.396652,
    "total_time": 0.512421,
    "timer_frequency": 1995,
    "average_sending_rate": 1996.41,
    "signal_source_mode": 2,
    "signal_source": "n10s12",
    "received_count": 1023,
    "total_packets": 1023,
    "received_percentage": 100.0,
    "program start time": "2025-01-03 18:40:00",
    "sending start time": "2025-01-03 18:40:00",
    "collecting start time": "2025-01-03 18:40:03"
}