{
    "experiment_sequence": 1051,
    "start_time": 88531.862915,
    "end_time": 88532.543002,
    "total_time": 0.680087,
    "timer_frequency": 750,
    "average_sending_rate": 751.37,
    "signal_source_mode": 2,
    "signal_source": "n9s12",
    "received_count": 511,
    "total_packets": 511,
    "received_percentage": 100.0,
    "program start time": "2025-01-13 16:51:00",
    "sending start time": "2025-01-13 16:51:00",
    "collecting start time": "2025-01-13 16:51:03"
}