{
    "experiment_sequence": 20057,
    "start_time": 489543.086479,
    "end_time": 489543.160253,
    "total_time": 0.073774,
    "timer_frequency": 1720,
    "average_sending_rate": 1721.47,
    "signal_source_mode": 2,
    "signal_source": "n7s12",
    "received_count": 127,
    "total_packets": 127,
    "received_percentage": 100.0,
    "program start time": "2025-01-21 14:26:00",
    "sending start time": "2025-01-21 14:26:00",
    "collecting start time": "2025-01-21 14:26:03"
}