{
    "experiment_sequence": 20038,
    "start_time": 488403.084316,
    "end_time": 488403.153874,
    "total_time": 0.069558,
    "timer_frequency": 1815,
    "average_sending_rate": 1825.82,
    "signal_source_mode": 2,
    "signal_source": "n7s12",
    "received_count": 127,
    "total_packets": 127,
    "received_percentage": 100.0,
    "program start time": "2025-01-21 14:07:00",
    "sending start time": "2025-01-21 14:07:00",
    "collecting start time": "2025-01-21 14:07:03"
}