{
    "experiment_sequence": 8022,
    "start_time": 5844.763006,
    "end_time": 5845.305637,
    "total_time": 0.542631,
    "timer_frequency": 1895,
    "average_sending_rate": 1885.26,
    "signal_source_mode": 2,
    "signal_source": "n10s12",
    "received_count": 1023,
    "total_packets": 1023,
    "received_percentage": 100.0,
    "program start time": "2025-01-03 18:59:55",
    "sending start time": "2025-01-03 19:00:00",
    "collecting start time": "2025-01-03 19:00:03"
}