{
    "experiment_sequence": 4010,
    "start_time": 138977.884745,
    "end_time": 138977.949314,
    "total_time": 0.064569,
    "timer_frequency": 1955,
    "average_sending_rate": 1966.88,
    "signal_source_mode": 2,
    "signal_source": "n7s12",
    "received_count": 127,
    "total_packets": 127,
    "received_percentage": 100.0,
    "program start time": "2025-01-18 02:12:00",
    "sending start time": "2025-01-18 02:12:00",
    "collecting start time": "2025-01-18 02:12:03"
}