{
    "experiment_sequence": 1038,
    "start_time": 65509.223459,
    "end_time": 65509.849448,
    "total_time": 0.625989,
    "timer_frequency": 815,
    "average_sending_rate": 816.31,
    "signal_source_mode": 2,
    "signal_source": "n9s12",
    "received_count": 511,
    "total_packets": 511,
    "received_percentage": 100.0,
    "program start time": "2025-01-13 16:37:55",
    "sending start time": "2025-01-13 16:38:00",
    "collecting start time": "2025-01-13 16:38:03"
}