{
    "experiment_sequence": 20026,
    "start_time": 487683.085898,
    "end_time": 487683.153232,
    "total_time": 0.067334,
    "timer_frequency": 1875,
    "average_sending_rate": 1886.11,
    "signal_source_mode": 2,
    "signal_source": "n7s12",
    "received_count": 127,
    "total_packets": 127,
    "received_percentage": 100.0,
    "program start time": "2025-01-21 13:55:00",
    "sending start time": "2025-01-21 13:55:00",
    "collecting start time": "2025-01-21 13:55:03"
}