{
    "experiment_sequence": 4019,
    "start_time": 270658.818184,
    "end_time": 270658.884251,
    "total_time": 0.066067,
    "timer_frequency": 1910,
    "average_sending_rate": 1922.29,
    "signal_source_mode": 2,
    "signal_source": "n7s12",
    "received_count": 127,
    "total_packets": 127,
    "received_percentage": 100.0,
    "program start time": "2025-01-18 02:20:55",
    "sending start time": "2025-01-18 02:21:00",
    "collecting start time": "2025-01-18 02:21:03"
}