{
    "experiment_sequence": 8031,
    "start_time": 6384.761393,
    "end_time": 6385.315044,
    "total_time": 0.553651,
    "timer_frequency": 1850,
    "average_sending_rate": 1847.73,
    "signal_source_mode": 2,
    "signal_source": "n10s12",
    "received_count": 1023,
    "total_packets": 1023,
    "received_percentage": 100.0,
    "program start time": "2025-01-03 19:08:55",
    "sending start time": "2025-01-03 19:08:59",
    "collecting start time": "2025-01-03 19:09:03"
}