{
    "experiment_sequence": 2052,
    "start_time": 8297.884758,
    "end_time": 8297.957041,
    "total_time": 0.072284,
    "timer_frequency": 1745,
    "average_sending_rate": 1756.97,
    "signal_source_mode": 2,
    "signal_source": "n7s12",
    "received_count": 127,
    "total_packets": 127,
    "received_percentage": 100.0,
    "program start time": "2025-01-16 13:54:00",
    "sending start time": "2025-01-16 13:54:00",
    "collecting start time": "2025-01-16 13:54:03"
}