{
    "experiment_sequence": 20023,
    "start_time": 60005.362311,
    "end_time": 60005.449799,
    "total_time": 0.087489,
    "timer_frequency": 1890,
    "average_sending_rate": 1451.62,
    "signal_source_mode": 2,
    "signal_source": "n7s12",
    "received_count": 127,
    "total_packets": 127,
    "received_percentage": 100.0,
    "program start time": "2025-01-23 16:28:10",
    "sending start time": "2025-01-23 16:28:10",
    "collecting start time": "2025-01-23 16:28:13"
}