{
    "experiment_sequence": 22016,
    "start_time": 141579.221566,
    "end_time": 141579.287078,
    "total_time": 0.065513,
    "timer_frequency": 1925,
    "average_sending_rate": 1938.55,
    "signal_source_mode": 2,
    "signal_source": "n7s12",
    "received_count": 127,
    "total_packets": 127,
    "received_percentage": 100.0,
    "program start time": "2025-01-26 03:33:55",
    "sending start time": "2025-01-26 03:34:00",
    "collecting start time": "2025-01-26 03:34:03"
}