{
    "experiment_sequence": 8042,
    "start_time": 7044.75758,
    "end_time": 7045.328894,
    "total_time": 0.571314,
    "timer_frequency": 1795,
    "average_sending_rate": 1790.61,
    "signal_source_mode": 2,
    "signal_source": "n10s12",
    "received_count": 1023,
    "total_packets": 1023,
    "received_percentage": 100.0,
    "program start time": "2025-01-03 19:19:55",
    "sending start time": "2025-01-03 19:19:59",
    "collecting start time": "2025-01-03 19:20:03"
}