{
    "experiment_sequence": 1049,
    "start_time": 66169.223799,
    "end_time": 66169.895077,
    "total_time": 0.671278,
    "timer_frequency": 760,
    "average_sending_rate": 761.23,
    "signal_source_mode": 2,
    "signal_source": "n9s12",
    "received_count": 511,
    "total_packets": 511,
    "received_percentage": 100.0,
    "program start time": "2025-01-13 16:48:55",
    "sending start time": "2025-01-13 16:49:00",
    "collecting start time": "2025-01-13 16:49:03"
}