{
    "experiment_sequence": 6004,
    "start_time": 8286.293888,
    "end_time": 8286.357492,
    "total_time": 0.063604,
    "timer_frequency": 1985,
    "average_sending_rate": 1996.72,
    "signal_source_mode": 2,
    "signal_source": "n7s12",
    "received_count": 127,
    "total_packets": 127,
    "received_percentage": 100.0,
    "program start time": "2025-02-21 17:32:00",
    "sending start time": "2025-02-21 17:32:00",
    "collecting start time": "2025-02-21 17:32:03"
}