{
    "experiment_sequence": 20054,
    "start_time": 489363.087386,
    "end_time": 489363.160165,
    "total_time": 0.072779,
    "timer_frequency": 1735,
    "average_sending_rate": 1745.0,
    "signal_source_mode": 2,
    "signal_source": "n7s12",
    "received_count": 127,
    "total_packets": 127,
    "received_percentage": 100.0,
    "program start time": "2025-01-21 14:23:00",
    "sending start time": "2025-01-21 14:23:00",
    "collecting start time": "2025-01-21 14:23:03"
}