{
    "experiment_sequence": 4011,
    "start_time": 270178.817945,
    "end_time": 270178.882657,
    "total_time": 0.064712,
    "timer_frequency": 1950,
    "average_sending_rate": 1962.55,
    "signal_source_mode": 2,
    "signal_source": "n7s12",
    "received_count": 127,
    "total_packets": 127,
    "received_percentage": 100.0,
    "program start time": "2025-01-18 02:12:55",
    "sending start time": "2025-01-18 02:13:00",
    "collecting start time": "2025-01-18 02:13:03"
}