{
    "experiment_sequence": 4015,
    "start_time": 270418.817403,
    "end_time": 270418.882783,
    "total_time": 0.06538,
    "timer_frequency": 1930,
    "average_sending_rate": 1942.49,
    "signal_source_mode": 2,
    "signal_source": "n7s12",
    "received_count": 127,
    "total_packets": 127,
    "received_percentage": 100.0,
    "program start time": "2025-01-18 02:16:55",
    "sending start time": "2025-01-18 02:17:00",
    "collecting start time": "2025-01-18 02:17:03"
}