{
    "experiment_sequence": 1005,
    "start_time": 63529.221673,
    "end_time": 63529.742309,
    "total_time": 0.520636,
    "timer_frequency": 980,
    "average_sending_rate": 981.49,
    "signal_source_mode": 2,
    "signal_source": "n9s12",
    "received_count": 511,
    "total_packets": 511,
    "received_percentage": 100.0,
    "program start time": "2025-01-13 16:04:55",
    "sending start time": "2025-01-13 16:05:00",
    "collecting start time": "2025-01-13 16:05:03"
}