{
    "experiment_sequence": 8058,
    "start_time": 8004.764691,
    "end_time": 8005.361565,
    "total_time": 0.596874,
    "timer_frequency": 1715,
    "average_sending_rate": 1713.93,
    "signal_source_mode": 2,
    "signal_source": "n10s12",
    "received_count": 1023,
    "total_packets": 1023,
    "received_percentage": 100.0,
    "program start time": "2025-01-03 19:35:55",
    "sending start time": "2025-01-03 19:36:00",
    "collecting start time": "2025-01-03 19:36:03"
}