{
    "experiment_sequence": 1014,
    "start_time": 86311.862854,
    "end_time": 86312.408409,
    "total_time": 0.545554,
    "timer_frequency": 935,
    "average_sending_rate": 936.66,
    "signal_source_mode": 2,
    "signal_source": "n9s12",
    "received_count": 511,
    "total_packets": 511,
    "received_percentage": 100.0,
    "program start time": "2025-01-13 16:14:00",
    "sending start time": "2025-01-13 16:14:00",
    "collecting start time": "2025-01-13 16:14:03"
}