{
    "experiment_sequence": 4034,
    "start_time": 271558.819756,
    "end_time": 271558.888522,
    "total_time": 0.068766,
    "timer_frequency": 1835,
    "average_sending_rate": 1846.85,
    "signal_source_mode": 2,
    "signal_source": "n7s12",
    "received_count": 127,
    "total_packets": 127,
    "received_percentage": 100.0,
    "program start time": "2025-01-18 02:35:55",
    "sending start time": "2025-01-18 02:36:00",
    "collecting start time": "2025-01-18 02:36:03"
}