{
    "experiment_sequence": 20004,
    "start_time": 230719.490072,
    "end_time": 230719.553644,
    "total_time": 0.063572,
    "timer_frequency": 1985,
    "average_sending_rate": 1997.72,
    "signal_source_mode": 2,
    "signal_source": "n7s12",
    "received_count": 127,
    "total_packets": 127,
    "received_percentage": 100.0,
    "program start time": "2025-01-21 13:32:55",
    "sending start time": "2025-01-21 13:33:00",
    "collecting start time": "2025-01-21 13:33:04"
}