{
    "experiment_sequence": 8025,
    "start_time": 3330.88423,
    "end_time": 3331.427994,
    "total_time": 0.543765,
    "timer_frequency": 1880,
    "average_sending_rate": 1881.33,
    "signal_source_mode": 2,
    "signal_source": "n10s12",
    "received_count": 1023,
    "total_packets": 1023,
    "received_percentage": 100.0,
    "program start time": "2025-01-03 19:03:00",
    "sending start time": "2025-01-03 19:03:00",
    "collecting start time": "2025-01-03 19:03:03"
}