{
    "experiment_sequence": 20043,
    "start_time": 233059.477986,
    "end_time": 233059.548432,
    "total_time": 0.070446,
    "timer_frequency": 1790,
    "average_sending_rate": 1802.8,
    "signal_source_mode": 2,
    "signal_source": "n7s12",
    "received_count": 127,
    "total_packets": 127,
    "received_percentage": 100.0,
    "program start time": "2025-01-21 14:11:55",
    "sending start time": "2025-01-21 14:12:00",
    "collecting start time": "2025-01-21 14:12:05"
}