{
    "experiment_sequence": 6060,
    "start_time": 9322.672349,
    "end_time": 9322.746343,
    "total_time": 0.073994,
    "timer_frequency": 1705,
    "average_sending_rate": 1716.35,
    "signal_source_mode": 2,
    "signal_source": "n7s12",
    "received_count": 127,
    "total_packets": 127,
    "received_percentage": 100.0,
    "program start time": "2025-02-21 18:27:55",
    "sending start time": "2025-02-21 18:28:00",
    "collecting start time": "2025-02-21 18:28:03"
}