{
    "experiment_sequence": 4027,
    "start_time": 139997.885315,
    "end_time": 139997.952792,
    "total_time": 0.067477,
    "timer_frequency": 1870,
    "average_sending_rate": 1882.12,
    "signal_source_mode": 2,
    "signal_source": "n7s12",
    "received_count": 127,
    "total_packets": 127,
    "received_percentage": 100.0,
    "program start time": "2025-01-18 02:29:00",
    "sending start time": "2025-01-18 02:29:00",
    "collecting start time": "2025-01-18 02:29:03"
}