{
    "experiment_sequence": 2033,
    "start_time": 7157.884831,
    "end_time": 7157.953386,
    "total_time": 0.068555,
    "timer_frequency": 1840,
    "average_sending_rate": 1852.52,
    "signal_source_mode": 2,
    "signal_source": "n7s12",
    "received_count": 127,
    "total_packets": 127,
    "received_percentage": 100.0,
    "program start time": "2025-01-16 13:35:00",
    "sending start time": "2025-01-16 13:35:00",
    "collecting start time": "2025-01-16 13:35:03"
}