{
    "experiment_sequence": 4017,
    "start_time": 139397.884955,
    "end_time": 139397.950659,
    "total_time": 0.065704,
    "timer_frequency": 1920,
    "average_sending_rate": 1932.92,
    "signal_source_mode": 2,
    "signal_source": "n7s12",
    "received_count": 127,
    "total_packets": 127,
    "received_percentage": 100.0,
    "program start time": "2025-01-18 02:19:00",
    "sending start time": "2025-01-18 02:19:00",
    "collecting start time": "2025-01-18 02:19:03"
}