{
    "experiment_sequence": 4027,
    "start_time": 271138.819813,
    "end_time": 271138.887283,
    "total_time": 0.06747,
    "timer_frequency": 1870,
    "average_sending_rate": 1882.31,
    "signal_source_mode": 2,
    "signal_source": "n7s12",
    "received_count": 127,
    "total_packets": 127,
    "received_percentage": 100.0,
    "program start time": "2025-01-18 02:28:55",
    "sending start time": "2025-01-18 02:29:00",
    "collecting start time": "2025-01-18 02:29:03"
}