{
    "experiment_sequence": 1037,
    "start_time": 65449.223997,
    "end_time": 65449.846173,
    "total_time": 0.622175,
    "timer_frequency": 820,
    "average_sending_rate": 821.31,
    "signal_source_mode": 2,
    "signal_source": "n9s12",
    "received_count": 511,
    "total_packets": 511,
    "received_percentage": 100.0,
    "program start time": "2025-01-13 16:36:55",
    "sending start time": "2025-01-13 16:37:00",
    "collecting start time": "2025-01-13 16:37:03"
}