{
    "experiment_sequence": 2002,
    "start_time": 136438.797478,
    "end_time": 136438.860733,
    "total_time": 0.063255,
    "timer_frequency": 1995,
    "average_sending_rate": 2007.74,
    "signal_source_mode": 2,
    "signal_source": "n7s12",
    "received_count": 127,
    "total_packets": 127,
    "received_percentage": 100.0,
    "program start time": "2025-01-16 13:03:55",
    "sending start time": "2025-01-16 13:03:59",
    "collecting start time": "2025-01-16 13:04:03"
}