{
    "experiment_sequence": 8036,
    "start_time": 3990.881784,
    "end_time": 3991.441904,
    "total_time": 0.56012,
    "timer_frequency": 1825,
    "average_sending_rate": 1826.4,
    "signal_source_mode": 2,
    "signal_source": "n10s12",
    "received_count": 1023,
    "total_packets": 1023,
    "received_percentage": 100.0,
    "program start time": "2025-01-03 19:14:00",
    "sending start time": "2025-01-03 19:14:00",
    "collecting start time": "2025-01-03 19:14:03"
}