{
    "experiment_sequence": 8032,
    "start_time": 3750.884198,
    "end_time": 3751.438281,
    "total_time": 0.554084,
    "timer_frequency": 1845,
    "average_sending_rate": 1846.29,
    "signal_source_mode": 2,
    "signal_source": "n10s12",
    "received_count": 1023,
    "total_packets": 1023,
    "received_percentage": 100.0,
    "program start time": "2025-01-03 19:10:00",
    "sending start time": "2025-01-03 19:10:00",
    "collecting start time": "2025-01-03 19:10:03"
}