{
    "experiment_sequence": 26041,
    "start_time": 154617.004987,
    "end_time": 154617.075023,
    "total_time": 0.070036,
    "timer_frequency": 1800,
    "average_sending_rate": 1813.36,
    "signal_source_mode": 2,
    "signal_source": "n7s12",
    "received_count": 127,
    "total_packets": 127,
    "received_percentage": 100.0,
    "program start time": "2025-01-27 15:53:55",
    "sending start time": "2025-01-27 15:54:00",
    "collecting start time": "2025-01-27 15:54:03"
}