{
    "experiment_sequence": 4026,
    "start_time": 271078.819148,
    "end_time": 271078.886446,
    "total_time": 0.067298,
    "timer_frequency": 1875,
    "average_sending_rate": 1887.12,
    "signal_source_mode": 2,
    "signal_source": "n7s12",
    "received_count": 127,
    "total_packets": 127,
    "received_percentage": 100.0,
    "program start time": "2025-01-18 02:27:55",
    "sending start time": "2025-01-18 02:28:00",
    "collecting start time": "2025-01-18 02:28:03"
}