{
    "experiment_sequence": 2028,
    "start_time": 137998.812185,
    "end_time": 137998.879841,
    "total_time": 0.067656,
    "timer_frequency": 1865,
    "average_sending_rate": 1877.15,
    "signal_source_mode": 2,
    "signal_source": "n7s12",
    "received_count": 127,
    "total_packets": 127,
    "received_percentage": 100.0,
    "program start time": "2025-01-16 13:29:55",
    "sending start time": "2025-01-16 13:30:00",
    "collecting start time": "2025-01-16 13:30:03"
}