{
    "experiment_sequence": 4018,
    "start_time": 139457.884745,
    "end_time": 139457.950625,
    "total_time": 0.06588,
    "timer_frequency": 1915,
    "average_sending_rate": 1927.76,
    "signal_source_mode": 2,
    "signal_source": "n7s12",
    "received_count": 127,
    "total_packets": 127,
    "received_percentage": 100.0,
    "program start time": "2025-01-18 02:20:00",
    "sending start time": "2025-01-18 02:20:00",
    "collecting start time": "2025-01-18 02:20:03"
}