{
    "experiment_sequence": 8001,
    "start_time": 4584.762229,
    "end_time": 4585.276417,
    "total_time": 0.514188,
    "timer_frequency": 2000,
    "average_sending_rate": 1989.55,
    "signal_source_mode": 2,
    "signal_source": "n10s12",
    "received_count": 1023,
    "total_packets": 1023,
    "received_percentage": 100.0,
    "program start time": "2025-01-03 18:38:55",
    "sending start time": "2025-01-03 18:38:59",
    "collecting start time": "2025-01-03 18:39:03"
}