{
    "experiment_sequence": 8024,
    "start_time": 3270.884148,
    "end_time": 3271.426554,
    "total_time": 0.542406,
    "timer_frequency": 1885,
    "average_sending_rate": 1886.04,
    "signal_source_mode": 2,
    "signal_source": "n10s12",
    "received_count": 1023,
    "total_packets": 1023,
    "received_percentage": 100.0,
    "program start time": "2025-01-03 19:02:00",
    "sending start time": "2025-01-03 19:02:00",
    "collecting start time": "2025-01-03 19:02:03"
}