{
    "experiment_sequence": 2019,
    "start_time": 137458.801453,
    "end_time": 137458.867537,
    "total_time": 0.066083,
    "timer_frequency": 1910,
    "average_sending_rate": 1921.82,
    "signal_source_mode": 2,
    "signal_source": "n7s12",
    "received_count": 127,
    "total_packets": 127,
    "received_percentage": 100.0,
    "program start time": "2025-01-16 13:20:55",
    "sending start time": "2025-01-16 13:20:59",
    "collecting start time": "2025-01-16 13:21:03"
}