{
    "experiment_sequence": 10000,
    "start_time": 166890.882014,
    "end_time": 167300.082578,
    "total_time": 409.200564,
    "timer_frequency": 5,
    "average_sending_rate": 5.0,
    "signal_source_mode": 2,
    "signal_source": "n11s12",
    "received_count": 2047,
    "total_packets": 2047,
    "received_percentage": 100.0,
    "program start time": "2025-01-05 16:29:00",
    "sending start time": "2025-01-05 16:29:00",
    "collecting start time": "2025-01-05 16:35:52"
}