{
    "experiment_sequence": 20013,
    "start_time": 231259.484562,
    "end_time": 231259.549557,
    "total_time": 0.064995,
    "timer_frequency": 1940,
    "average_sending_rate": 1954.0,
    "signal_source_mode": 2,
    "signal_source": "n7s12",
    "received_count": 127,
    "total_packets": 127,
    "received_percentage": 100.0,
    "program start time": "2025-01-21 13:41:55",
    "sending start time": "2025-01-21 13:42:00",
    "collecting start time": "2025-01-21 13:42:04"
}