{
    "experiment_sequence": 8046,
    "start_time": 4590.883898,
    "end_time": 4591.459813,
    "total_time": 0.575915,
    "timer_frequency": 1775,
    "average_sending_rate": 1776.3,
    "signal_source_mode": 2,
    "signal_source": "n10s12",
    "received_count": 1023,
    "total_packets": 1023,
    "received_percentage": 100.0,
    "program start time": "2025-01-03 19:24:00",
    "sending start time": "2025-01-03 19:24:00",
    "collecting start time": "2025-01-03 19:24:03"
}