{
    "experiment_sequence": 6056,
    "start_time": 11406.293826,
    "end_time": 11406.366945,
    "total_time": 0.073119,
    "timer_frequency": 1725,
    "average_sending_rate": 1736.89,
    "signal_source_mode": 2,
    "signal_source": "n7s12",
    "received_count": 127,
    "total_packets": 127,
    "received_percentage": 100.0,
    "program start time": "2025-02-21 18:24:00",
    "sending start time": "2025-02-21 18:24:00",
    "collecting start time": "2025-02-21 18:24:03"
}