{
    "experiment_sequence": 4024,
    "start_time": 139817.884695,
    "end_time": 139817.95162,
    "total_time": 0.066925,
    "timer_frequency": 1885,
    "average_sending_rate": 1897.65,
    "signal_source_mode": 2,
    "signal_source": "n7s12",
    "received_count": 127,
    "total_packets": 127,
    "received_percentage": 100.0,
    "program start time": "2025-01-18 02:26:00",
    "sending start time": "2025-01-18 02:26:00",
    "collecting start time": "2025-01-18 02:26:03"
}