{
    "experiment_sequence": 6020,
    "start_time": 6922.672102,
    "end_time": 6922.738341,
    "total_time": 0.066238,
    "timer_frequency": 1905,
    "average_sending_rate": 1917.32,
    "signal_source_mode": 2,
    "signal_source": "n7s12",
    "received_count": 127,
    "total_packets": 127,
    "received_percentage": 100.0,
    "program start time": "2025-02-21 17:47:55",
    "sending start time": "2025-02-21 17:47:59",
    "collecting start time": "2025-02-21 17:48:02"
}