{
    "experiment_sequence": 20034,
    "start_time": 488163.086638,
    "end_time": 488163.155428,
    "total_time": 0.06879,
    "timer_frequency": 1835,
    "average_sending_rate": 1846.2,
    "signal_source_mode": 2,
    "signal_source": "n7s12",
    "received_count": 127,
    "total_packets": 127,
    "received_percentage": 100.0,
    "program start time": "2025-01-21 14:03:00",
    "sending start time": "2025-01-21 14:03:00",
    "collecting start time": "2025-01-21 14:03:03"
}