{
    "experiment_sequence": 2047,
    "start_time": 139138.810866,
    "end_time": 139138.882148,
    "total_time": 0.071281,
    "timer_frequency": 1770,
    "average_sending_rate": 1781.67,
    "signal_source_mode": 2,
    "signal_source": "n7s12",
    "received_count": 127,
    "total_packets": 127,
    "received_percentage": 100.0,
    "program start time": "2025-01-16 13:48:55",
    "sending start time": "2025-01-16 13:48:59",
    "collecting start time": "2025-01-16 13:49:03"
}