{
    "experiment_sequence": 20016,
    "start_time": 487083.088739,
    "end_time": 487083.154551,
    "total_time": 0.065812,
    "timer_frequency": 1925,
    "average_sending_rate": 1929.73,
    "signal_source_mode": 2,
    "signal_source": "n7s12",
    "received_count": 127,
    "total_packets": 127,
    "received_percentage": 100.0,
    "program start time": "2025-01-21 13:45:00",
    "sending start time": "2025-01-21 13:45:00",
    "collecting start time": "2025-01-21 13:45:03"
}