{
    "experiment_sequence": 8056,
    "start_time": 7884.764477,
    "end_time": 7885.358741,
    "total_time": 0.594264,
    "timer_frequency": 1725,
    "average_sending_rate": 1721.46,
    "signal_source_mode": 2,
    "signal_source": "n10s12",
    "received_count": 1023,
    "total_packets": 1023,
    "received_percentage": 100.0,
    "program start time": "2025-01-03 19:33:55",
    "sending start time": "2025-01-03 19:34:00",
    "collecting start time": "2025-01-03 19:34:03"
}