{
    "experiment_sequence": 22060,
    "start_time": 140979.188848,
    "end_time": 140979.262842,
    "total_time": 0.073994,
    "timer_frequency": 1705,
    "average_sending_rate": 1716.35,
    "signal_source_mode": 2,
    "signal_source": "n7s12",
    "received_count": 127,
    "total_packets": 127,
    "received_percentage": 100.0,
    "program start time": "2025-01-26 03:23:55",
    "sending start time": "2025-01-26 03:24:00",
    "collecting start time": "2025-01-26 03:24:03"
}