{
    "experiment_sequence": 8048,
    "start_time": 4710.883954,
    "end_time": 4711.463134,
    "total_time": 0.57918,
    "timer_frequency": 1765,
    "average_sending_rate": 1766.29,
    "signal_source_mode": 2,
    "signal_source": "n10s12",
    "received_count": 1023,
    "total_packets": 1023,
    "received_percentage": 100.0,
    "program start time": "2025-01-03 19:26:00",
    "sending start time": "2025-01-03 19:26:00",
    "collecting start time": "2025-01-03 19:26:03"
}