{
    "experiment_sequence": 6044,
    "start_time": 10686.293666,
    "end_time": 10686.364335,
    "total_time": 0.070669,
    "timer_frequency": 1785,
    "average_sending_rate": 1797.11,
    "signal_source_mode": 2,
    "signal_source": "n7s12",
    "received_count": 127,
    "total_packets": 127,
    "received_percentage": 100.0,
    "program start time": "2025-02-21 18:12:00",
    "sending start time": "2025-02-21 18:12:00",
    "collecting start time": "2025-02-21 18:12:03"
}