{
    "experiment_sequence": 2026,
    "start_time": 137878.810372,
    "end_time": 137878.877674,
    "total_time": 0.067302,
    "timer_frequency": 1875,
    "average_sending_rate": 1887.03,
    "signal_source_mode": 2,
    "signal_source": "n7s12",
    "received_count": 127,
    "total_packets": 127,
    "received_percentage": 100.0,
    "program start time": "2025-01-16 13:27:55",
    "sending start time": "2025-01-16 13:27:59",
    "collecting start time": "2025-01-16 13:28:03"
}