{
    "experiment_sequence": 2029,
    "start_time": 138058.812433,
    "end_time": 138058.880274,
    "total_time": 0.067841,
    "timer_frequency": 1860,
    "average_sending_rate": 1872.02,
    "signal_source_mode": 2,
    "signal_source": "n7s12",
    "received_count": 127,
    "total_packets": 127,
    "received_percentage": 100.0,
    "program start time": "2025-01-16 13:30:55",
    "sending start time": "2025-01-16 13:31:00",
    "collecting start time": "2025-01-16 13:31:03"
}