{
    "experiment_sequence": 8028,
    "start_time": 3510.88438,
    "end_time": 3511.432565,
    "total_time": 0.548186,
    "timer_frequency": 1865,
    "average_sending_rate": 1866.16,
    "signal_source_mode": 2,
    "signal_source": "n10s12",
    "received_count": 1023,
    "total_packets": 1023,
    "received_percentage": 100.0,
    "program start time": "2025-01-03 19:06:00",
    "sending start time": "2025-01-03 19:06:00",
    "collecting start time": "2025-01-03 19:06:03"
}