{
    "experiment_sequence": 8036,
    "start_time": 6684.754983,
    "end_time": 6685.316323,
    "total_time": 0.56134,
    "timer_frequency": 1825,
    "average_sending_rate": 1822.42,
    "signal_source_mode": 2,
    "signal_source": "n10s12",
    "received_count": 1023,
    "total_packets": 1023,
    "received_percentage": 100.0,
    "program start time": "2025-01-03 19:13:55",
    "sending start time": "2025-01-03 19:13:59",
    "collecting start time": "2025-01-03 19:14:03"
}