{
    "experiment_sequence": 20045,
    "start_time": 488823.085435,
    "end_time": 488823.15689,
    "total_time": 0.071455,
    "timer_frequency": 1780,
    "average_sending_rate": 1777.34,
    "signal_source_mode": 2,
    "signal_source": "n7s12",
    "received_count": 127,
    "total_packets": 127,
    "received_percentage": 100.0,
    "program start time": "2025-01-21 14:14:00",
    "sending start time": "2025-01-21 14:14:00",
    "collecting start time": "2025-01-21 14:14:03"
}