{
    "experiment_sequence": 1031,
    "start_time": 87331.862988,
    "end_time": 87332.463085,
    "total_time": 0.600097,
    "timer_frequency": 850,
    "average_sending_rate": 851.53,
    "signal_source_mode": 2,
    "signal_source": "n9s12",
    "received_count": 511,
    "total_packets": 511,
    "received_percentage": 100.0,
    "program start time": "2025-01-13 16:31:00",
    "sending start time": "2025-01-13 16:31:00",
    "collecting start time": "2025-01-13 16:31:03"
}