{
    "experiment_sequence": 6021,
    "start_time": 9306.294118,
    "end_time": 9306.360556,
    "total_time": 0.066438,
    "timer_frequency": 1900,
    "average_sending_rate": 1911.56,
    "signal_source_mode": 2,
    "signal_source": "n7s12",
    "received_count": 127,
    "total_packets": 127,
    "received_percentage": 100.0,
    "program start time": "2025-02-21 17:49:00",
    "sending start time": "2025-02-21 17:49:00",
    "collecting start time": "2025-02-21 17:49:03"
}