{
    "experiment_sequence": 2042,
    "start_time": 7697.884764,
    "end_time": 7697.955037,
    "total_time": 0.070273,
    "timer_frequency": 1795,
    "average_sending_rate": 1807.23,
    "signal_source_mode": 2,
    "signal_source": "n7s12",
    "received_count": 127,
    "total_packets": 127,
    "received_percentage": 100.0,
    "program start time": "2025-01-16 13:44:00",
    "sending start time": "2025-01-16 13:44:00",
    "collecting start time": "2025-01-16 13:44:03"
}