{
    "experiment_sequence": 2013,
    "start_time": 137098.796832,
    "end_time": 137098.861876,
    "total_time": 0.065044,
    "timer_frequency": 1940,
    "average_sending_rate": 1952.53,
    "signal_source_mode": 2,
    "signal_source": "n7s12",
    "received_count": 127,
    "total_packets": 127,
    "received_percentage": 100.0,
    "program start time": "2025-01-16 13:14:55",
    "sending start time": "2025-01-16 13:14:59",
    "collecting start time": "2025-01-16 13:15:03"
}