{
    "experiment_sequence": 20006,
    "start_time": 486483.085709,
    "end_time": 486483.149839,
    "total_time": 0.064129,
    "timer_frequency": 1975,
    "average_sending_rate": 1980.37,
    "signal_source_mode": 2,
    "signal_source": "n7s12",
    "received_count": 127,
    "total_packets": 127,
    "received_percentage": 100.0,
    "program start time": "2025-01-21 13:35:00",
    "sending start time": "2025-01-21 13:35:00",
    "collecting start time": "2025-01-21 13:35:03"
}