{
    "experiment_sequence": 20018,
    "start_time": 231559.488449,
    "end_time": 231559.554301,
    "total_time": 0.065852,
    "timer_frequency": 1915,
    "average_sending_rate": 1928.57,
    "signal_source_mode": 2,
    "signal_source": "n7s12",
    "received_count": 127,
    "total_packets": 127,
    "received_percentage": 100.0,
    "program start time": "2025-01-21 13:46:55",
    "sending start time": "2025-01-21 13:47:00",
    "collecting start time": "2025-01-21 13:47:04"
}