{
    "experiment_sequence": 8046,
    "start_time": 7284.761838,
    "end_time": 7285.339915,
    "total_time": 0.578078,
    "timer_frequency": 1775,
    "average_sending_rate": 1769.66,
    "signal_source_mode": 2,
    "signal_source": "n10s12",
    "received_count": 1023,
    "total_packets": 1023,
    "received_percentage": 100.0,
    "program start time": "2025-01-03 19:23:55",
    "sending start time": "2025-01-03 19:23:59",
    "collecting start time": "2025-01-03 19:24:03"
}