{
    "experiment_sequence": 8010,
    "start_time": 5124.763661,
    "end_time": 5125.289416,
    "total_time": 0.525755,
    "timer_frequency": 1955,
    "average_sending_rate": 1945.77,
    "signal_source_mode": 2,
    "signal_source": "n10s12",
    "received_count": 1023,
    "total_packets": 1023,
    "received_percentage": 100.0,
    "program start time": "2025-01-03 18:47:55",
    "sending start time": "2025-01-03 18:48:00",
    "collecting start time": "2025-01-03 18:48:03"
}