{
    "experiment_sequence": 2056,
    "start_time": 8537.884713,
    "end_time": 8537.958046,
    "total_time": 0.073333,
    "timer_frequency": 1725,
    "average_sending_rate": 1731.82,
    "signal_source_mode": 2,
    "signal_source": "n7s12",
    "received_count": 127,
    "total_packets": 127,
    "received_percentage": 100.0,
    "program start time": "2025-01-16 13:58:00",
    "sending start time": "2025-01-16 13:58:00",
    "collecting start time": "2025-01-16 13:58:03"
}