{
    "experiment_sequence": 20042,
    "start_time": 232999.491756,
    "end_time": 232999.561997,
    "total_time": 0.070242,
    "timer_frequency": 1795,
    "average_sending_rate": 1808.05,
    "signal_source_mode": 2,
    "signal_source": "n7s12",
    "received_count": 127,
    "total_packets": 127,
    "received_percentage": 100.0,
    "program start time": "2025-01-21 14:10:55",
    "sending start time": "2025-01-21 14:11:00",
    "collecting start time": "2025-01-21 14:11:05"
}