{
    "experiment_sequence": 8049,
    "start_time": 4770.883842,
    "end_time": 4771.464685,
    "total_time": 0.580842,
    "timer_frequency": 1760,
    "average_sending_rate": 1761.24,
    "signal_source_mode": 2,
    "signal_source": "n10s12",
    "received_count": 1023,
    "total_packets": 1023,
    "received_percentage": 100.0,
    "program start time": "2025-01-03 19:27:00",
    "sending start time": "2025-01-03 19:27:00",
    "collecting start time": "2025-01-03 19:27:03"
}