{
    "experiment_sequence": 2054,
    "start_time": 8417.885582,
    "end_time": 8417.958288,
    "total_time": 0.072705,
    "timer_frequency": 1735,
    "average_sending_rate": 1746.78,
    "signal_source_mode": 2,
    "signal_source": "n7s12",
    "received_count": 127,
    "total_packets": 127,
    "received_percentage": 100.0,
    "program start time": "2025-01-16 13:56:00",
    "sending start time": "2025-01-16 13:56:00",
    "collecting start time": "2025-01-16 13:56:03"
}