{
    "experiment_sequence": 2063,
    "start_time": 8957.885345,
    "end_time": 8957.960004,
    "total_time": 0.074659,
    "timer_frequency": 1690,
    "average_sending_rate": 1701.07,
    "signal_source_mode": 2,
    "signal_source": "n7s12",
    "received_count": 127,
    "total_packets": 127,
    "received_percentage": 100.0,
    "program start time": "2025-01-16 14:05:00",
    "sending start time": "2025-01-16 14:05:00",
    "collecting start time": "2025-01-16 14:05:03"
}