{
    "experiment_sequence": 6029,
    "start_time": 7462.672822,
    "end_time": 7462.740677,
    "total_time": 0.067854,
    "timer_frequency": 1860,
    "average_sending_rate": 1871.66,
    "signal_source_mode": 2,
    "signal_source": "n7s12",
    "received_count": 127,
    "total_packets": 127,
    "received_percentage": 100.0,
    "program start time": "2025-02-21 17:56:55",
    "sending start time": "2025-02-21 17:56:59",
    "collecting start time": "2025-02-21 17:57:02"
}