{
    "experiment_sequence": 20021,
    "start_time": 487383.078642,
    "end_time": 487383.145239,
    "total_time": 0.066597,
    "timer_frequency": 1900,
    "average_sending_rate": 1906.99,
    "signal_source_mode": 2,
    "signal_source": "n7s12",
    "received_count": 127,
    "total_packets": 127,
    "received_percentage": 100.0,
    "program start time": "2025-01-21 13:50:00",
    "sending start time": "2025-01-21 13:50:00",
    "collecting start time": "2025-01-21 13:50:03"
}