{
    "experiment_sequence": 2044,
    "start_time": 138958.811404,
    "end_time": 138958.882092,
    "total_time": 0.070689,
    "timer_frequency": 1785,
    "average_sending_rate": 1796.61,
    "signal_source_mode": 2,
    "signal_source": "n7s12",
    "received_count": 127,
    "total_packets": 127,
    "received_percentage": 100.0,
    "program start time": "2025-01-16 13:45:55",
    "sending start time": "2025-01-16 13:45:59",
    "collecting start time": "2025-01-16 13:46:03"
}