{
    "experiment_sequence": 20014,
    "start_time": 486963.086774,
    "end_time": 486963.152299,
    "total_time": 0.065525,
    "timer_frequency": 1935,
    "average_sending_rate": 1938.2,
    "signal_source_mode": 2,
    "signal_source": "n7s12",
    "received_count": 127,
    "total_packets": 127,
    "received_percentage": 100.0,
    "program start time": "2025-01-21 13:43:00",
    "sending start time": "2025-01-21 13:43:00",
    "collecting start time": "2025-01-21 13:43:03"
}