{
    "experiment_sequence": 8057,
    "start_time": 7944.764001,
    "end_time": 7945.358403,
    "total_time": 0.594402,
    "timer_frequency": 1720,
    "average_sending_rate": 1721.06,
    "signal_source_mode": 2,
    "signal_source": "n10s12",
    "received_count": 1023,
    "total_packets": 1023,
    "received_percentage": 100.0,
    "program start time": "2025-01-03 19:34:55",
    "sending start time": "2025-01-03 19:35:00",
    "collecting start time": "2025-01-03 19:35:03"
}