{
    "experiment_sequence": 6032,
    "start_time": 9966.293779,
    "end_time": 9966.362161,
    "total_time": 0.068382,
    "timer_frequency": 1845,
    "average_sending_rate": 1857.23,
    "signal_source_mode": 2,
    "signal_source": "n7s12",
    "received_count": 127,
    "total_packets": 127,
    "received_percentage": 100.0,
    "program start time": "2025-02-21 18:00:00",
    "sending start time": "2025-02-21 18:00:00",
    "collecting start time": "2025-02-21 18:00:03"
}