{
    "experiment_sequence": 4013,
    "start_time": 270298.81773,
    "end_time": 270298.882775,
    "total_time": 0.065045,
    "timer_frequency": 1940,
    "average_sending_rate": 1952.49,
    "signal_source_mode": 2,
    "signal_source": "n7s12",
    "received_count": 127,
    "total_packets": 127,
    "received_percentage": 100.0,
    "program start time": "2025-01-18 02:14:55",
    "sending start time": "2025-01-18 02:15:00",
    "collecting start time": "2025-01-18 02:15:03"
}