{
    "experiment_sequence": 4054,
    "start_time": 272758.819336,
    "end_time": 272758.892061,
    "total_time": 0.072725,
    "timer_frequency": 1735,
    "average_sending_rate": 1746.3,
    "signal_source_mode": 2,
    "signal_source": "n7s12",
    "received_count": 127,
    "total_packets": 127,
    "received_percentage": 100.0,
    "program start time": "2025-01-18 02:55:55",
    "sending start time": "2025-01-18 02:56:00",
    "collecting start time": "2025-01-18 02:56:03"
}