{
    "experiment_sequence": 4015,
    "start_time": 139277.884715,
    "end_time": 139277.950374,
    "total_time": 0.065658,
    "timer_frequency": 1930,
    "average_sending_rate": 1934.25,
    "signal_source_mode": 2,
    "signal_source": "n7s12",
    "received_count": 127,
    "total_packets": 127,
    "received_percentage": 100.0,
    "program start time": "2025-01-18 02:17:00",
    "sending start time": "2025-01-18 02:17:00",
    "collecting start time": "2025-01-18 02:17:03"
}