{
    "experiment_sequence": 2032,
    "start_time": 7097.884895,
    "end_time": 7097.953271,
    "total_time": 0.068376,
    "timer_frequency": 1845,
    "average_sending_rate": 1857.39,
    "signal_source_mode": 2,
    "signal_source": "n7s12",
    "received_count": 127,
    "total_packets": 127,
    "received_percentage": 100.0,
    "program start time": "2025-01-16 13:34:00",
    "sending start time": "2025-01-16 13:34:00",
    "collecting start time": "2025-01-16 13:34:03"
}