{
    "experiment_sequence": 1055,
    "start_time": 88771.863008,
    "end_time": 88772.561729,
    "total_time": 0.698721,
    "timer_frequency": 730,
    "average_sending_rate": 731.34,
    "signal_source_mode": 2,
    "signal_source": "n9s12",
    "received_count": 511,
    "total_packets": 511,
    "received_percentage": 100.0,
    "program start time": "2025-01-13 16:55:00",
    "sending start time": "2025-01-13 16:55:00",
    "collecting start time": "2025-01-13 16:55:03"
}