{
    "experiment_sequence": 8055,
    "start_time": 5130.884019,
    "end_time": 5131.47491,
    "total_time": 0.590891,
    "timer_frequency": 1730,
    "average_sending_rate": 1731.28,
    "signal_source_mode": 2,
    "signal_source": "n10s12",
    "received_count": 1023,
    "total_packets": 1023,
    "received_percentage": 100.0,
    "program start time": "2025-01-03 19:33:00",
    "sending start time": "2025-01-03 19:33:00",
    "collecting start time": "2025-01-03 19:33:03"
}