{
    "experiment_sequence": 4049,
    "start_time": 141317.88497,
    "end_time": 141317.956644,
    "total_time": 0.071673,
    "timer_frequency": 1760,
    "average_sending_rate": 1771.93,
    "signal_source_mode": 2,
    "signal_source": "n7s12",
    "received_count": 127,
    "total_packets": 127,
    "received_percentage": 100.0,
    "program start time": "2025-01-18 02:51:00",
    "sending start time": "2025-01-18 02:51:00",
    "collecting start time": "2025-01-18 02:51:03"
}