{
    "experiment_sequence": 6048,
    "start_time": 10926.293826,
    "end_time": 10926.365327,
    "total_time": 0.071501,
    "timer_frequency": 1765,
    "average_sending_rate": 1776.19,
    "signal_source_mode": 2,
    "signal_source": "n7s12",
    "received_count": 127,
    "total_packets": 127,
    "received_percentage": 100.0,
    "program start time": "2025-02-21 18:16:00",
    "sending start time": "2025-02-21 18:16:00",
    "collecting start time": "2025-02-21 18:16:03"
}