{
    "experiment_sequence": 20018,
    "start_time": 487203.085626,
    "end_time": 487203.151624,
    "total_time": 0.065997,
    "timer_frequency": 1915,
    "average_sending_rate": 1924.32,
    "signal_source_mode": 2,
    "signal_source": "n7s12",
    "received_count": 127,
    "total_packets": 127,
    "received_percentage": 100.0,
    "program start time": "2025-01-21 13:47:00",
    "sending start time": "2025-01-21 13:47:00",
    "collecting start time": "2025-01-21 13:47:03"
}