{
    "experiment_sequence": 2053,
    "start_time": 139498.81216,
    "end_time": 139498.88467,
    "total_time": 0.07251,
    "timer_frequency": 1740,
    "average_sending_rate": 1751.48,
    "signal_source_mode": 2,
    "signal_source": "n7s12",
    "received_count": 127,
    "total_packets": 127,
    "received_percentage": 100.0,
    "program start time": "2025-01-16 13:54:55",
    "sending start time": "2025-01-16 13:54:59",
    "collecting start time": "2025-01-16 13:55:03"
}