{
    "experiment_sequence": 2006,
    "start_time": 5537.884668,
    "end_time": 5537.948543,
    "total_time": 0.063875,
    "timer_frequency": 1975,
    "average_sending_rate": 1988.25,
    "signal_source_mode": 2,
    "signal_source": "n7s12",
    "received_count": 127,
    "total_packets": 127,
    "received_percentage": 100.0,
    "program start time": "2025-01-16 13:08:00",
    "sending start time": "2025-01-16 13:08:00",
    "collecting start time": "2025-01-16 13:08:03"
}