{
    "experiment_sequence": 6023,
    "start_time": 9426.293953,
    "end_time": 9426.360699,
    "total_time": 0.066745,
    "timer_frequency": 1890,
    "average_sending_rate": 1902.76,
    "signal_source_mode": 2,
    "signal_source": "n7s12",
    "received_count": 127,
    "total_packets": 127,
    "received_percentage": 100.0,
    "program start time": "2025-02-21 17:51:00",
    "sending start time": "2025-02-21 17:51:00",
    "collecting start time": "2025-02-21 17:51:03"
}