{
    "experiment_sequence": 8006,
    "start_time": 4884.762477,
    "end_time": 4885.284626,
    "total_time": 0.522149,
    "timer_frequency": 1975,
    "average_sending_rate": 1959.21,
    "signal_source_mode": 2,
    "signal_source": "n10s12",
    "received_count": 1023,
    "total_packets": 1023,
    "received_percentage": 100.0,
    "program start time": "2025-01-03 18:43:55",
    "sending start time": "2025-01-03 18:43:59",
    "collecting start time": "2025-01-03 18:44:03"
}