{
    "experiment_sequence": 4022,
    "start_time": 139697.884707,
    "end_time": 139697.951303,
    "total_time": 0.066596,
    "timer_frequency": 1895,
    "average_sending_rate": 1907.02,
    "signal_source_mode": 2,
    "signal_source": "n7s12",
    "received_count": 127,
    "total_packets": 127,
    "received_percentage": 100.0,
    "program start time": "2025-01-18 02:24:00",
    "sending start time": "2025-01-18 02:24:00",
    "collecting start time": "2025-01-18 02:24:03"
}