{
    "experiment_sequence": 20019,
    "start_time": 231619.48801,
    "end_time": 231619.554045,
    "total_time": 0.066036,
    "timer_frequency": 1910,
    "average_sending_rate": 1923.21,
    "signal_source_mode": 2,
    "signal_source": "n7s12",
    "received_count": 127,
    "total_packets": 127,
    "received_percentage": 100.0,
    "program start time": "2025-01-21 13:47:55",
    "sending start time": "2025-01-21 13:48:00",
    "collecting start time": "2025-01-21 13:48:03"
}