{
    "experiment_sequence": 2045,
    "start_time": 139018.811154,
    "end_time": 139018.882035,
    "total_time": 0.070881,
    "timer_frequency": 1780,
    "average_sending_rate": 1791.72,
    "signal_source_mode": 2,
    "signal_source": "n7s12",
    "received_count": 127,
    "total_packets": 127,
    "received_percentage": 100.0,
    "program start time": "2025-01-16 13:46:55",
    "sending start time": "2025-01-16 13:46:59",
    "collecting start time": "2025-01-16 13:47:03"
}