{
    "experiment_sequence": 8011,
    "start_time": 2490.884232,
    "end_time": 2491.408673,
    "total_time": 0.52444,
    "timer_frequency": 1950,
    "average_sending_rate": 1950.65,
    "signal_source_mode": 2,
    "signal_source": "n10s12",
    "received_count": 1023,
    "total_packets": 1023,
    "received_percentage": 100.0,
    "program start time": "2025-01-03 18:49:00",
    "sending start time": "2025-01-03 18:49:00",
    "collecting start time": "2025-01-03 18:49:03"
}