{
    "experiment_sequence": 2015,
    "start_time": 137218.79647,
    "end_time": 137218.861853,
    "total_time": 0.065383,
    "timer_frequency": 1930,
    "average_sending_rate": 1942.41,
    "signal_source_mode": 2,
    "signal_source": "n7s12",
    "received_count": 127,
    "total_packets": 127,
    "received_percentage": 100.0,
    "program start time": "2025-01-16 13:16:55",
    "sending start time": "2025-01-16 13:16:59",
    "collecting start time": "2025-01-16 13:17:03"
}