{
    "experiment_sequence": 4052,
    "start_time": 272638.81955,
    "end_time": 272638.891857,
    "total_time": 0.072306,
    "timer_frequency": 1745,
    "average_sending_rate": 1756.42,
    "signal_source_mode": 2,
    "signal_source": "n7s12",
    "received_count": 127,
    "total_packets": 127,
    "received_percentage": 100.0,
    "program start time": "2025-01-18 02:53:55",
    "sending start time": "2025-01-18 02:54:00",
    "collecting start time": "2025-01-18 02:54:03"
}