{
    "experiment_sequence": 103,
    "start_time": 31591.861249,
    "end_time": 31591.945832,
    "total_time": 0.084584,
    "timer_frequency": 1490,
    "average_sending_rate": 1501.47,
    "signal_source_mode": 2,
    "signal_source": "n7s12",
    "received_count": 127,
    "total_packets": 127,
    "received_percentage": 100.0,
    "program start time": "2025-01-13 01:02:00",
    "sending start time": "2025-01-13 01:02:00",
    "collecting start time": "2025-01-13 01:02:03"
}