{
    "experiment_sequence": 1050,
    "start_time": 88471.863529,
    "end_time": 88472.539111,
    "total_time": 0.675582,
    "timer_frequency": 755,
    "average_sending_rate": 756.38,
    "signal_source_mode": 2,
    "signal_source": "n9s12",
    "received_count": 511,
    "total_packets": 511,
    "received_percentage": 100.0,
    "program start time": "2025-01-13 16:50:00",
    "sending start time": "2025-01-13 16:50:00",
    "collecting start time": "2025-01-13 16:50:03"
}