{
    "experiment_sequence": 26026,
    "start_time": 157976.928835,
    "end_time": 157976.996052,
    "total_time": 0.067216,
    "timer_frequency": 1875,
    "average_sending_rate": 1889.43,
    "signal_source_mode": 2,
    "signal_source": "n7s12",
    "received_count": 127,
    "total_packets": 127,
    "received_percentage": 100.0,
    "program start time": "2025-01-27 16:32:00",
    "sending start time": "2025-01-27 16:32:00",
    "collecting start time": "2025-01-27 16:32:04"
}