{
    "experiment_sequence": 20052,
    "start_time": 489243.085283,
    "end_time": 489243.158143,
    "total_time": 0.072859,
    "timer_frequency": 1745,
    "average_sending_rate": 1743.08,
    "signal_source_mode": 2,
    "signal_source": "n7s12",
    "received_count": 127,
    "total_packets": 127,
    "received_percentage": 100.0,
    "program start time": "2025-01-21 14:21:00",
    "sending start time": "2025-01-21 14:21:00",
    "collecting start time": "2025-01-21 14:21:03"
}