{
    "experiment_sequence": 20025,
    "start_time": 487623.087961,
    "end_time": 487623.155091,
    "total_time": 0.067131,
    "timer_frequency": 1880,
    "average_sending_rate": 1891.83,
    "signal_source_mode": 2,
    "signal_source": "n7s12",
    "received_count": 127,
    "total_packets": 127,
    "received_percentage": 100.0,
    "program start time": "2025-01-21 13:54:00",
    "sending start time": "2025-01-21 13:54:00",
    "collecting start time": "2025-01-21 13:54:03"
}