{
    "experiment_sequence": 2011,
    "start_time": 5837.885868,
    "end_time": 5837.950705,
    "total_time": 0.064836,
    "timer_frequency": 1950,
    "average_sending_rate": 1958.78,
    "signal_source_mode": 2,
    "signal_source": "n7s12",
    "received_count": 127,
    "total_packets": 127,
    "received_percentage": 100.0,
    "program start time": "2025-01-16 13:13:00",
    "sending start time": "2025-01-16 13:13:00",
    "collecting start time": "2025-01-16 13:13:03"
}