{
    "experiment_sequence": 4012,
    "start_time": 139097.884733,
    "end_time": 139097.949612,
    "total_time": 0.064879,
    "timer_frequency": 1945,
    "average_sending_rate": 1957.5,
    "signal_source_mode": 2,
    "signal_source": "n7s12",
    "received_count": 127,
    "total_packets": 127,
    "received_percentage": 100.0,
    "program start time": "2025-01-18 02:14:00",
    "sending start time": "2025-01-18 02:14:00",
    "collecting start time": "2025-01-18 02:14:03"
}