{
    "experiment_sequence": 4059,
    "start_time": 273058.818962,
    "end_time": 273058.892739,
    "total_time": 0.073777,
    "timer_frequency": 1710,
    "average_sending_rate": 1721.41,
    "signal_source_mode": 2,
    "signal_source": "n7s12",
    "received_count": 127,
    "total_packets": 127,
    "received_percentage": 100.0,
    "program start time": "2025-01-18 03:00:55",
    "sending start time": "2025-01-18 03:01:00",
    "collecting start time": "2025-01-18 03:01:03"
}