{
    "experiment_sequence": 4048,
    "start_time": 272398.820065,
    "end_time": 272398.891551,
    "total_time": 0.071487,
    "timer_frequency": 1765,
    "average_sending_rate": 1776.56,
    "signal_source_mode": 2,
    "signal_source": "n7s12",
    "received_count": 127,
    "total_packets": 127,
    "received_percentage": 100.0,
    "program start time": "2025-01-18 02:49:55",
    "sending start time": "2025-01-18 02:50:00",
    "collecting start time": "2025-01-18 02:50:03"
}