{
    "experiment_sequence": 6036,
    "start_time": 10206.293873,
    "end_time": 10206.362998,
    "total_time": 0.069125,
    "timer_frequency": 1825,
    "average_sending_rate": 1837.25,
    "signal_source_mode": 2,
    "signal_source": "n7s12",
    "received_count": 127,
    "total_packets": 127,
    "received_percentage": 100.0,
    "program start time": "2025-02-21 18:04:00",
    "sending start time": "2025-02-21 18:04:00",
    "collecting start time": "2025-02-21 18:04:03"
}