{
    "experiment_sequence": 4002,
    "start_time": 269638.81805,
    "end_time": 269638.881274,
    "total_time": 0.063224,
    "timer_frequency": 1995,
    "average_sending_rate": 2008.72,
    "signal_source_mode": 2,
    "signal_source": "n7s12",
    "received_count": 127,
    "total_packets": 127,
    "received_percentage": 100.0,
    "program start time": "2025-01-18 02:03:55",
    "sending start time": "2025-01-18 02:04:00",
    "collecting start time": "2025-01-18 02:04:03"
}