{
    "experiment_sequence": 6035,
    "start_time": 7822.672135,
    "end_time": 7822.741088,
    "total_time": 0.068953,
    "timer_frequency": 1830,
    "average_sending_rate": 1841.83,
    "signal_source_mode": 2,
    "signal_source": "n7s12",
    "received_count": 127,
    "total_packets": 127,
    "received_percentage": 100.0,
    "program start time": "2025-02-21 18:02:55",
    "sending start time": "2025-02-21 18:03:00",
    "collecting start time": "2025-02-21 18:03:03"
}