{
    "experiment_sequence": 1006,
    "start_time": 63589.221849,
    "end_time": 63589.745152,
    "total_time": 0.523303,
    "timer_frequency": 975,
    "average_sending_rate": 976.49,
    "signal_source_mode": 2,
    "signal_source": "n9s12",
    "received_count": 511,
    "total_packets": 511,
    "received_percentage": 100.0,
    "program start time": "2025-01-13 16:05:55",
    "sending start time": "2025-01-13 16:06:00",
    "collecting start time": "2025-01-13 16:06:03"
}