{
    "experiment_sequence": 6005,
    "start_time": 8346.293794,
    "end_time": 8346.357576,
    "total_time": 0.063782,
    "timer_frequency": 1980,
    "average_sending_rate": 1991.16,
    "signal_source_mode": 2,
    "signal_source": "n7s12",
    "received_count": 127,
    "total_packets": 127,
    "received_percentage": 100.0,
    "program start time": "2025-02-21 17:33:00",
    "sending start time": "2025-02-21 17:33:00",
    "collecting start time": "2025-02-21 17:33:03"
}