{
    "experiment_sequence": 8021,
    "start_time": 3090.884118,
    "end_time": 3091.422158,
    "total_time": 0.538039,
    "timer_frequency": 1900,
    "average_sending_rate": 1901.35,
    "signal_source_mode": 2,
    "signal_source": "n10s12",
    "received_count": 1023,
    "total_packets": 1023,
    "received_percentage": 100.0,
    "program start time": "2025-01-03 18:59:00",
    "sending start time": "2025-01-03 18:59:00",
    "collecting start time": "2025-01-03 18:59:03"
}