{
    "experiment_sequence": 1029,
    "start_time": 64969.222836,
    "end_time": 64969.816104,
    "total_time": 0.593268,
    "timer_frequency": 860,
    "average_sending_rate": 861.33,
    "signal_source_mode": 2,
    "signal_source": "n9s12",
    "received_count": 511,
    "total_packets": 511,
    "received_percentage": 100.0,
    "program start time": "2025-01-13 16:28:55",
    "sending start time": "2025-01-13 16:29:00",
    "collecting start time": "2025-01-13 16:29:03"
}