{
    "experiment_sequence": 6062,
    "start_time": 9442.671994,
    "end_time": 9442.746428,
    "total_time": 0.074433,
    "timer_frequency": 1695,
    "average_sending_rate": 1706.22,
    "signal_source_mode": 2,
    "signal_source": "n7s12",
    "received_count": 127,
    "total_packets": 127,
    "received_percentage": 100.0,
    "program start time": "2025-02-21 18:29:55",
    "sending start time": "2025-02-21 18:30:00",
    "collecting start time": "2025-02-21 18:30:03"
}