{
    "experiment_sequence": 20020,
    "start_time": 487323.086514,
    "end_time": 487323.152776,
    "total_time": 0.066263,
    "timer_frequency": 1905,
    "average_sending_rate": 1916.62,
    "signal_source_mode": 2,
    "signal_source": "n7s12",
    "received_count": 127,
    "total_packets": 127,
    "received_percentage": 100.0,
    "program start time": "2025-01-21 13:49:00",
    "sending start time": "2025-01-21 13:49:00",
    "collecting start time": "2025-01-21 13:49:03"
}