{
    "experiment_sequence": 8003,
    "start_time": 4704.76114,
    "end_time": 4705.278378,
    "total_time": 0.517238,
    "timer_frequency": 1990,
    "average_sending_rate": 1977.81,
    "signal_source_mode": 2,
    "signal_source": "n10s12",
    "received_count": 1023,
    "total_packets": 1023,
    "received_percentage": 100.0,
    "program start time": "2025-01-03 18:40:55",
    "sending start time": "2025-01-03 18:40:59",
    "collecting start time": "2025-01-03 18:41:03"
}