{
    "experiment_sequence": 22042,
    "start_time": 140679.20603,
    "end_time": 140679.2765,
    "total_time": 0.07047,
    "timer_frequency": 1795,
    "average_sending_rate": 1802.18,
    "signal_source_mode": 2,
    "signal_source": "n7s12",
    "received_count": 127,
    "total_packets": 127,
    "received_percentage": 100.0,
    "program start time": "2025-01-26 03:18:55",
    "sending start time": "2025-01-26 03:19:00",
    "collecting start time": "2025-01-26 03:19:03"
}