{
    "experiment_sequence": 2046,
    "start_time": 139078.811206,
    "end_time": 139078.882428,
    "total_time": 0.071222,
    "timer_frequency": 1775,
    "average_sending_rate": 1783.17,
    "signal_source_mode": 2,
    "signal_source": "n7s12",
    "received_count": 127,
    "total_packets": 127,
    "received_percentage": 100.0,
    "program start time": "2025-01-16 13:47:55",
    "sending start time": "2025-01-16 13:47:59",
    "collecting start time": "2025-01-16 13:48:03"
}