{
    "experiment_sequence": 4019,
    "start_time": 139517.88474,
    "end_time": 139517.950805,
    "total_time": 0.066065,
    "timer_frequency": 1910,
    "average_sending_rate": 1922.35,
    "signal_source_mode": 2,
    "signal_source": "n7s12",
    "received_count": 127,
    "total_packets": 127,
    "received_percentage": 100.0,
    "program start time": "2025-01-18 02:21:00",
    "sending start time": "2025-01-18 02:21:00",
    "collecting start time": "2025-01-18 02:21:03"
}