{
    "experiment_sequence": 20015,
    "start_time": 231379.487873,
    "end_time": 231379.553227,
    "total_time": 0.065354,
    "timer_frequency": 1930,
    "average_sending_rate": 1943.26,
    "signal_source_mode": 2,
    "signal_source": "n7s12",
    "received_count": 127,
    "total_packets": 127,
    "received_percentage": 100.0,
    "program start time": "2025-01-21 13:43:55",
    "sending start time": "2025-01-21 13:44:00",
    "collecting start time": "2025-01-21 13:44:04"
}