{
    "experiment_sequence": 2021,
    "start_time": 137578.80238,
    "end_time": 137578.868791,
    "total_time": 0.066411,
    "timer_frequency": 1900,
    "average_sending_rate": 1912.32,
    "signal_source_mode": 2,
    "signal_source": "n7s12",
    "received_count": 127,
    "total_packets": 127,
    "received_percentage": 100.0,
    "program start time": "2025-01-16 13:22:55",
    "sending start time": "2025-01-16 13:22:59",
    "collecting start time": "2025-01-16 13:23:03"
}