{
    "experiment_sequence": 2052,
    "start_time": 139438.811546,
    "end_time": 139438.88385,
    "total_time": 0.072305,
    "timer_frequency": 1745,
    "average_sending_rate": 1756.46,
    "signal_source_mode": 2,
    "signal_source": "n7s12",
    "received_count": 127,
    "total_packets": 127,
    "received_percentage": 100.0,
    "program start time": "2025-01-16 13:53:55",
    "sending start time": "2025-01-16 13:53:59",
    "collecting start time": "2025-01-16 13:54:03"
}