{
    "experiment_sequence": 22045,
    "start_time": 130916.561089,
    "end_time": 130916.631928,
    "total_time": 0.070839,
    "timer_frequency": 1780,
    "average_sending_rate": 1792.79,
    "signal_source_mode": 2,
    "signal_source": "n7s12",
    "received_count": 127,
    "total_packets": 127,
    "received_percentage": 100.0,
    "program start time": "2025-01-26 00:57:00",
    "sending start time": "2025-01-26 00:57:00",
    "collecting start time": "2025-01-26 00:57:03"
}