{
    "experiment_sequence": 2011,
    "start_time": 136978.798944,
    "end_time": 136978.86367,
    "total_time": 0.064726,
    "timer_frequency": 1950,
    "average_sending_rate": 1962.12,
    "signal_source_mode": 2,
    "signal_source": "n7s12",
    "received_count": 127,
    "total_packets": 127,
    "received_percentage": 100.0,
    "program start time": "2025-01-16 13:12:55",
    "sending start time": "2025-01-16 13:12:59",
    "collecting start time": "2025-01-16 13:13:03"
}