{
    "experiment_sequence": 8051,
    "start_time": 4890.884044,
    "end_time": 4891.468189,
    "total_time": 0.584146,
    "timer_frequency": 1750,
    "average_sending_rate": 1751.28,
    "signal_source_mode": 2,
    "signal_source": "n10s12",
    "received_count": 1023,
    "total_packets": 1023,
    "received_percentage": 100.0,
    "program start time": "2025-01-03 19:29:00",
    "sending start time": "2025-01-03 19:29:00",
    "collecting start time": "2025-01-03 19:29:03"
}