{
    "experiment_sequence": 4048,
    "start_time": 141257.884849,
    "end_time": 141257.956318,
    "total_time": 0.071469,
    "timer_frequency": 1765,
    "average_sending_rate": 1776.99,
    "signal_source_mode": 2,
    "signal_source": "n7s12",
    "received_count": 127,
    "total_packets": 127,
    "received_percentage": 100.0,
    "program start time": "2025-01-18 02:50:00",
    "sending start time": "2025-01-18 02:50:00",
    "collecting start time": "2025-01-18 02:50:03"
}