{
    "experiment_sequence": 20024,
    "start_time": 487563.092338,
    "end_time": 487563.160179,
    "total_time": 0.067841,
    "timer_frequency": 1885,
    "average_sending_rate": 1872.03,
    "signal_source_mode": 2,
    "signal_source": "n7s12",
    "received_count": 127,
    "total_packets": 127,
    "received_percentage": 100.0,
    "program start time": "2025-01-21 13:53:00",
    "sending start time": "2025-01-21 13:53:00",
    "collecting start time": "2025-01-21 13:53:03"
}