{
    "experiment_sequence": 1045,
    "start_time": 65929.223745,
    "end_time": 65929.877821,
    "total_time": 0.654076,
    "timer_frequency": 780,
    "average_sending_rate": 781.25,
    "signal_source_mode": 2,
    "signal_source": "n9s12",
    "received_count": 511,
    "total_packets": 511,
    "received_percentage": 100.0,
    "program start time": "2025-01-13 16:44:55",
    "sending start time": "2025-01-13 16:45:00",
    "collecting start time": "2025-01-13 16:45:03"
}