{
    "experiment_sequence": 20003,
    "start_time": 230659.487234,
    "end_time": 230659.550587,
    "total_time": 0.063354,
    "timer_frequency": 1990,
    "average_sending_rate": 2004.62,
    "signal_source_mode": 2,
    "signal_source": "n7s12",
    "received_count": 127,
    "total_packets": 127,
    "received_percentage": 100.0,
    "program start time": "2025-01-21 13:31:55",
    "sending start time": "2025-01-21 13:32:00",
    "collecting start time": "2025-01-21 13:32:03"
}