{
    "experiment_sequence": 22020,
    "start_time": 137739.168695,
    "end_time": 137739.235427,
    "total_time": 0.066732,
    "timer_frequency": 1905,
    "average_sending_rate": 1903.12,
    "signal_source_mode": 2,
    "signal_source": "n7s12",
    "received_count": 127,
    "total_packets": 127,
    "received_percentage": 100.0,
    "program start time": "2025-01-26 02:29:55",
    "sending start time": "2025-01-26 02:30:00",
    "collecting start time": "2025-01-26 02:30:03"
}