{
    "experiment_sequence": 20030,
    "start_time": 232279.491717,
    "end_time": 232279.559691,
    "total_time": 0.067974,
    "timer_frequency": 1855,
    "average_sending_rate": 1868.36,
    "signal_source_mode": 2,
    "signal_source": "n7s12",
    "received_count": 127,
    "total_packets": 127,
    "received_percentage": 100.0,
    "program start time": "2025-01-21 13:58:55",
    "sending start time": "2025-01-21 13:59:00",
    "collecting start time": "2025-01-21 13:59:03"
}