{
    "experiment_sequence": 2012,
    "start_time": 5897.884758,
    "end_time": 5897.950107,
    "total_time": 0.065349,
    "timer_frequency": 1945,
    "average_sending_rate": 1943.43,
    "signal_source_mode": 2,
    "signal_source": "n7s12",
    "received_count": 127,
    "total_packets": 127,
    "received_percentage": 100.0,
    "program start time": "2025-01-16 13:14:00",
    "sending start time": "2025-01-16 13:14:00",
    "collecting start time": "2025-01-16 13:14:03"
}