{
    "experiment_sequence": 8006,
    "start_time": 2190.884038,
    "end_time": 2191.401774,
    "total_time": 0.517736,
    "timer_frequency": 1975,
    "average_sending_rate": 1975.91,
    "signal_source_mode": 2,
    "signal_source": "n10s12",
    "received_count": 1023,
    "total_packets": 1023,
    "received_percentage": 100.0,
    "program start time": "2025-01-03 18:44:00",
    "sending start time": "2025-01-03 18:44:00",
    "collecting start time": "2025-01-03 18:44:03"
}