{
    "experiment_sequence": 4063,
    "start_time": 142157.884594,
    "end_time": 142157.959252,
    "total_time": 0.074658,
    "timer_frequency": 1690,
    "average_sending_rate": 1701.08,
    "signal_source_mode": 2,
    "signal_source": "n7s12",
    "received_count": 127,
    "total_packets": 127,
    "received_percentage": 100.0,
    "program start time": "2025-01-18 03:05:00",
    "sending start time": "2025-01-18 03:05:00",
    "collecting start time": "2025-01-18 03:05:03"
}