{
    "experiment_sequence": 20051,
    "start_time": 489183.088963,
    "end_time": 489183.161251,
    "total_time": 0.072288,
    "timer_frequency": 1750,
    "average_sending_rate": 1756.86,
    "signal_source_mode": 2,
    "signal_source": "n7s12",
    "received_count": 127,
    "total_packets": 127,
    "received_percentage": 100.0,
    "program start time": "2025-01-21 14:20:00",
    "sending start time": "2025-01-21 14:20:00",
    "collecting start time": "2025-01-21 14:20:03"
}