{
    "experiment_sequence": 8020,
    "start_time": 5724.764012,
    "end_time": 5725.304142,
    "total_time": 0.540129,
    "timer_frequency": 1905,
    "average_sending_rate": 1893.99,
    "signal_source_mode": 2,
    "signal_source": "n10s12",
    "received_count": 1023,
    "total_packets": 1023,
    "received_percentage": 100.0,
    "program start time": "2025-01-03 18:57:55",
    "sending start time": "2025-01-03 18:58:00",
    "collecting start time": "2025-01-03 18:58:03"
}