{
    "experiment_sequence": 4014,
    "start_time": 139217.884725,
    "end_time": 139217.949933,
    "total_time": 0.065208,
    "timer_frequency": 1935,
    "average_sending_rate": 1947.61,
    "signal_source_mode": 2,
    "signal_source": "n7s12",
    "received_count": 127,
    "total_packets": 127,
    "received_percentage": 100.0,
    "program start time": "2025-01-18 02:16:00",
    "sending start time": "2025-01-18 02:16:00",
    "collecting start time": "2025-01-18 02:16:03"
}