{
    "experiment_sequence": 22063,
    "start_time": 6727.569643,
    "end_time": 6727.644231,
    "total_time": 0.074588,
    "timer_frequency": 1690,
    "average_sending_rate": 1702.68,
    "signal_source_mode": 2,
    "signal_source": "n7s12",
    "received_count": 127,
    "total_packets": 127,
    "received_percentage": 100.0,
    "program start time": "2025-01-26 12:31:00",
    "sending start time": "2025-01-26 12:31:00",
    "collecting start time": "2025-01-26 12:31:03"
}