{
    "experiment_sequence": 6001,
    "start_time": 8106.313163,
    "end_time": 8106.376247,
    "total_time": 0.063084,
    "timer_frequency": 2000,
    "average_sending_rate": 2013.19,
    "signal_source_mode": 2,
    "signal_source": "n7s12",
    "received_count": 127,
    "total_packets": 127,
    "received_percentage": 100.0,
    "program start time": "2025-02-21 17:29:00",
    "sending start time": "2025-02-21 17:29:00",
    "collecting start time": "2025-02-21 17:29:03"
}