{
    "experiment_sequence": 2022,
    "start_time": 6497.885044,
    "end_time": 6497.951609,
    "total_time": 0.066565,
    "timer_frequency": 1895,
    "average_sending_rate": 1907.91,
    "signal_source_mode": 2,
    "signal_source": "n7s12",
    "received_count": 127,
    "total_packets": 127,
    "received_percentage": 100.0,
    "program start time": "2025-01-16 13:24:00",
    "sending start time": "2025-01-16 13:24:00",
    "collecting start time": "2025-01-16 13:24:03"
}