{
    "experiment_sequence": 2012,
    "start_time": 137038.797218,
    "end_time": 137038.862102,
    "total_time": 0.064884,
    "timer_frequency": 1945,
    "average_sending_rate": 1957.34,
    "signal_source_mode": 2,
    "signal_source": "n7s12",
    "received_count": 127,
    "total_packets": 127,
    "received_percentage": 100.0,
    "program start time": "2025-01-16 13:13:55",
    "sending start time": "2025-01-16 13:13:59",
    "collecting start time": "2025-01-16 13:14:03"
}