{
    "experiment_sequence": 26017,
    "start_time": 157496.929547,
    "end_time": 157496.995187,
    "total_time": 0.065641,
    "timer_frequency": 1920,
    "average_sending_rate": 1934.77,
    "signal_source_mode": 2,
    "signal_source": "n7s12",
    "received_count": 127,
    "total_packets": 127,
    "received_percentage": 100.0,
    "program start time": "2025-01-27 16:24:00",
    "sending start time": "2025-01-27 16:24:00",
    "collecting start time": "2025-01-27 16:24:05"
}