{
    "experiment_sequence": 20010,
    "start_time": 231079.490449,
    "end_time": 231079.554946,
    "total_time": 0.064496,
    "timer_frequency": 1955,
    "average_sending_rate": 1969.1,
    "signal_source_mode": 2,
    "signal_source": "n7s12",
    "received_count": 127,
    "total_packets": 127,
    "received_percentage": 100.0,
    "program start time": "2025-01-21 13:38:55",
    "sending start time": "2025-01-21 13:39:00",
    "collecting start time": "2025-01-21 13:39:03"
}