{
    "experiment_sequence": 2050,
    "start_time": 139318.810213,
    "end_time": 139318.882103,
    "total_time": 0.07189,
    "timer_frequency": 1755,
    "average_sending_rate": 1766.59,
    "signal_source_mode": 2,
    "signal_source": "n7s12",
    "received_count": 127,
    "total_packets": 127,
    "received_percentage": 100.0,
    "program start time": "2025-01-16 13:51:55",
    "sending start time": "2025-01-16 13:51:59",
    "collecting start time": "2025-01-16 13:52:03"
}