{
    "experiment_sequence": 8039,
    "start_time": 6864.755459,
    "end_time": 6865.321064,
    "total_time": 0.565605,
    "timer_frequency": 1810,
    "average_sending_rate": 1808.68,
    "signal_source_mode": 2,
    "signal_source": "n10s12",
    "received_count": 1023,
    "total_packets": 1023,
    "received_percentage": 100.0,
    "program start time": "2025-01-03 19:16:55",
    "sending start time": "2025-01-03 19:16:59",
    "collecting start time": "2025-01-03 19:17:03"
}