{
    "experiment_sequence": 8035,
    "start_time": 3930.883924,
    "end_time": 3931.442801,
    "total_time": 0.558877,
    "timer_frequency": 1830,
    "average_sending_rate": 1830.46,
    "signal_source_mode": 2,
    "signal_source": "n10s12",
    "received_count": 1023,
    "total_packets": 1023,
    "received_percentage": 100.0,
    "program start time": "2025-01-03 19:13:00",
    "sending start time": "2025-01-03 19:13:00",
    "collecting start time": "2025-01-03 19:13:03"
}