{
    "experiment_sequence": 104,
    "start_time": 31651.862891,
    "end_time": 31651.947769,
    "total_time": 0.084878,
    "timer_frequency": 1485,
    "average_sending_rate": 1496.26,
    "signal_source_mode": 2,
    "signal_source": "n7s12",
    "received_count": 127,
    "total_packets": 127,
    "received_percentage": 100.0,
    "program start time": "2025-01-13 01:03:00",
    "sending start time": "2025-01-13 01:03:00",
    "collecting start time": "2025-01-13 01:03:03"
}