{
    "experiment_sequence": 6040,
    "start_time": 8122.672235,
    "end_time": 8122.742149,
    "total_time": 0.069913,
    "timer_frequency": 1805,
    "average_sending_rate": 1816.53,
    "signal_source_mode": 2,
    "signal_source": "n7s12",
    "received_count": 127,
    "total_packets": 127,
    "received_percentage": 100.0,
    "program start time": "2025-02-21 18:07:55",
    "sending start time": "2025-02-21 18:08:00",
    "collecting start time": "2025-02-21 18:08:03"
}