{
    "experiment_sequence": 4032,
    "start_time": 271438.819585,
    "end_time": 271438.887979,
    "total_time": 0.068394,
    "timer_frequency": 1845,
    "average_sending_rate": 1856.89,
    "signal_source_mode": 2,
    "signal_source": "n7s12",
    "received_count": 127,
    "total_packets": 127,
    "received_percentage": 100.0,
    "program start time": "2025-01-18 02:33:55",
    "sending start time": "2025-01-18 02:34:00",
    "collecting start time": "2025-01-18 02:34:03"
}