{
    "experiment_sequence": 2051,
    "start_time": 8237.884937,
    "end_time": 8237.957013,
    "total_time": 0.072077,
    "timer_frequency": 1750,
    "average_sending_rate": 1762.01,
    "signal_source_mode": 2,
    "signal_source": "n7s12",
    "received_count": 127,
    "total_packets": 127,
    "received_percentage": 100.0,
    "program start time": "2025-01-16 13:53:00",
    "sending start time": "2025-01-16 13:53:00",
    "collecting start time": "2025-01-16 13:53:03"
}