{
    "experiment_sequence": 4047,
    "start_time": 141197.884974,
    "end_time": 141197.956241,
    "total_time": 0.071267,
    "timer_frequency": 1770,
    "average_sending_rate": 1782.02,
    "signal_source_mode": 2,
    "signal_source": "n7s12",
    "received_count": 127,
    "total_packets": 127,
    "received_percentage": 100.0,
    "program start time": "2025-01-18 02:49:00",
    "sending start time": "2025-01-18 02:49:00",
    "collecting start time": "2025-01-18 02:49:03"
}