{
    "experiment_sequence": 2035,
    "start_time": 138418.812377,
    "end_time": 138418.881322,
    "total_time": 0.068945,
    "timer_frequency": 1830,
    "average_sending_rate": 1842.05,
    "signal_source_mode": 2,
    "signal_source": "n7s12",
    "received_count": 127,
    "total_packets": 127,
    "received_percentage": 100.0,
    "program start time": "2025-01-16 13:36:55",
    "sending start time": "2025-01-16 13:36:59",
    "collecting start time": "2025-01-16 13:37:03"
}