{
    "experiment_sequence": 1008,
    "start_time": 85951.862928,
    "end_time": 85952.391535,
    "total_time": 0.528608,
    "timer_frequency": 965,
    "average_sending_rate": 966.69,
    "signal_source_mode": 2,
    "signal_source": "n9s12",
    "received_count": 511,
    "total_packets": 511,
    "received_percentage": 100.0,
    "program start time": "2025-01-13 16:08:00",
    "sending start time": "2025-01-13 16:08:00",
    "collecting start time": "2025-01-13 16:08:03"
}