{
    "experiment_sequence": 100,
    "start_time": 31411.860648,
    "end_time": 31411.944391,
    "total_time": 0.083742,
    "timer_frequency": 1505,
    "average_sending_rate": 1516.56,
    "signal_source_mode": 2,
    "signal_source": "n7s12",
    "received_count": 127,
    "total_packets": 127,
    "received_percentage": 100.0,
    "program start time": "2025-01-13 00:59:00",
    "sending start time": "2025-01-13 00:59:00",
    "collecting start time": "2025-01-13 00:59:03"
}