{
    "experiment_sequence": 8020,
    "start_time": 3030.885187,
    "end_time": 3031.421808,
    "total_time": 0.536621,
    "timer_frequency": 1905,
    "average_sending_rate": 1906.37,
    "signal_source_mode": 2,
    "signal_source": "n10s12",
    "received_count": 1023,
    "total_packets": 1023,
    "received_percentage": 100.0,
    "program start time": "2025-01-03 18:58:00",
    "sending start time": "2025-01-03 18:58:00",
    "collecting start time": "2025-01-03 18:58:03"
}