{
    "experiment_sequence": 8053,
    "start_time": 5010.883991,
    "end_time": 5011.471837,
    "total_time": 0.587847,
    "timer_frequency": 1740,
    "average_sending_rate": 1740.25,
    "signal_source_mode": 2,
    "signal_source": "n10s12",
    "received_count": 1023,
    "total_packets": 1023,
    "received_percentage": 100.0,
    "program start time": "2025-01-03 19:31:00",
    "sending start time": "2025-01-03 19:31:00",
    "collecting start time": "2025-01-03 19:31:03"
}