{
    "experiment_sequence": 1019,
    "start_time": 86611.863661,
    "end_time": 86612.424203,
    "total_time": 0.560543,
    "timer_frequency": 910,
    "average_sending_rate": 911.62,
    "signal_source_mode": 2,
    "signal_source": "n9s12",
    "received_count": 511,
    "total_packets": 511,
    "received_percentage": 100.0,
    "program start time": "2025-01-13 16:19:00",
    "sending start time": "2025-01-13 16:19:00",
    "collecting start time": "2025-01-13 16:19:03"
}