{
    "experiment_sequence": 4057,
    "start_time": 141797.884623,
    "end_time": 141797.957961,
    "total_time": 0.073338,
    "timer_frequency": 1720,
    "average_sending_rate": 1731.7,
    "signal_source_mode": 2,
    "signal_source": "n7s12",
    "received_count": 127,
    "total_packets": 127,
    "received_percentage": 100.0,
    "program start time": "2025-01-18 02:59:00",
    "sending start time": "2025-01-18 02:59:00",
    "collecting start time": "2025-01-18 02:59:03"
}