{
    "experiment_sequence": 4044,
    "start_time": 141017.884683,
    "end_time": 141017.955665,
    "total_time": 0.070982,
    "timer_frequency": 1785,
    "average_sending_rate": 1789.18,
    "signal_source_mode": 2,
    "signal_source": "n7s12",
    "received_count": 127,
    "total_packets": 127,
    "received_percentage": 100.0,
    "program start time": "2025-01-18 02:46:00",
    "sending start time": "2025-01-18 02:46:00",
    "collecting start time": "2025-01-18 02:46:03"
}