{
    "experiment_sequence": 2058,
    "start_time": 139798.814392,
    "end_time": 139798.887957,
    "total_time": 0.073565,
    "timer_frequency": 1715,
    "average_sending_rate": 1726.36,
    "signal_source_mode": 2,
    "signal_source": "n7s12",
    "received_count": 127,
    "total_packets": 127,
    "received_percentage": 100.0,
    "program start time": "2025-01-16 13:59:55",
    "sending start time": "2025-01-16 13:59:59",
    "collecting start time": "2025-01-16 14:00:03"
}