{
    "experiment_sequence": 2039,
    "start_time": 138658.812263,
    "end_time": 138658.881972,
    "total_time": 0.069709,
    "timer_frequency": 1810,
    "average_sending_rate": 1821.86,
    "signal_source_mode": 2,
    "signal_source": "n7s12",
    "received_count": 127,
    "total_packets": 127,
    "received_percentage": 100.0,
    "program start time": "2025-01-16 13:40:55",
    "sending start time": "2025-01-16 13:40:59",
    "collecting start time": "2025-01-16 13:41:03"
}