{
    "experiment_sequence": 2030,
    "start_time": 138118.811602,
    "end_time": 138118.879629,
    "total_time": 0.068027,
    "timer_frequency": 1855,
    "average_sending_rate": 1866.91,
    "signal_source_mode": 2,
    "signal_source": "n7s12",
    "received_count": 127,
    "total_packets": 127,
    "received_percentage": 100.0,
    "program start time": "2025-01-16 13:31:55",
    "sending start time": "2025-01-16 13:31:59",
    "collecting start time": "2025-01-16 13:32:03"
}