{
    "experiment_sequence": 8019,
    "start_time": 5664.763428,
    "end_time": 5665.301569,
    "total_time": 0.538142,
    "timer_frequency": 1910,
    "average_sending_rate": 1900.99,
    "signal_source_mode": 2,
    "signal_source": "n10s12",
    "received_count": 1023,
    "total_packets": 1023,
    "received_percentage": 100.0,
    "program start time": "2025-01-03 18:56:55",
    "sending start time": "2025-01-03 18:57:00",
    "collecting start time": "2025-01-03 18:57:03"
}