{
    "experiment_sequence": 2060,
    "start_time": 8777.884735,
    "end_time": 8777.958752,
    "total_time": 0.074017,
    "timer_frequency": 1705,
    "average_sending_rate": 1715.82,
    "signal_source_mode": 2,
    "signal_source": "n7s12",
    "received_count": 127,
    "total_packets": 127,
    "received_percentage": 100.0,
    "program start time": "2025-01-16 14:02:00",
    "sending start time": "2025-01-16 14:02:00",
    "collecting start time": "2025-01-16 14:02:03"
}