{
    "experiment_sequence": 2034,
    "start_time": 138358.812825,
    "end_time": 138358.881588,
    "total_time": 0.068763,
    "timer_frequency": 1835,
    "average_sending_rate": 1846.94,
    "signal_source_mode": 2,
    "signal_source": "n7s12",
    "received_count": 127,
    "total_packets": 127,
    "received_percentage": 100.0,
    "program start time": "2025-01-16 13:35:55",
    "sending start time": "2025-01-16 13:35:59",
    "collecting start time": "2025-01-16 13:36:03"
}