{
    "experiment_sequence": 8017,
    "start_time": 5544.764721,
    "end_time": 5545.298427,
    "total_time": 0.533706,
    "timer_frequency": 1920,
    "average_sending_rate": 1916.79,
    "signal_source_mode": 2,
    "signal_source": "n10s12",
    "received_count": 1023,
    "total_packets": 1023,
    "received_percentage": 100.0,
    "program start time": "2025-01-03 18:54:55",
    "sending start time": "2025-01-03 18:55:00",
    "collecting start time": "2025-01-03 18:55:03"
}