{
    "experiment_sequence": 8037,
    "start_time": 6744.756384,
    "end_time": 6745.319829,
    "total_time": 0.563446,
    "timer_frequency": 1820,
    "average_sending_rate": 1815.61,
    "signal_source_mode": 2,
    "signal_source": "n10s12",
    "received_count": 1023,
    "total_packets": 1023,
    "received_percentage": 100.0,
    "program start time": "2025-01-03 19:14:55",
    "sending start time": "2025-01-03 19:14:59",
    "collecting start time": "2025-01-03 19:15:03"
}