{
    "experiment_sequence": 6043,
    "start_time": 8302.672678,
    "end_time": 8302.743168,
    "total_time": 0.070489,
    "timer_frequency": 1790,
    "average_sending_rate": 1801.69,
    "signal_source_mode": 2,
    "signal_source": "n7s12",
    "received_count": 127,
    "total_packets": 127,
    "received_percentage": 100.0,
    "program start time": "2025-02-21 18:10:55",
    "sending start time": "2025-02-21 18:11:00",
    "collecting start time": "2025-02-21 18:11:03"
}