{
    "experiment_sequence": 2001,
    "start_time": 5237.927269,
    "end_time": 5237.990347,
    "total_time": 0.063078,
    "timer_frequency": 2000,
    "average_sending_rate": 2013.38,
    "signal_source_mode": 2,
    "signal_source": "n7s12",
    "received_count": 127,
    "total_packets": 127,
    "received_percentage": 100.0,
    "program start time": "2025-01-16 13:03:00",
    "sending start time": "2025-01-16 13:03:00",
    "collecting start time": "2025-01-16 13:03:03"
}