{
    "experiment_sequence": 1054,
    "start_time": 88711.862707,
    "end_time": 88712.556673,
    "total_time": 0.693966,
    "timer_frequency": 735,
    "average_sending_rate": 736.35,
    "signal_source_mode": 2,
    "signal_source": "n9s12",
    "received_count": 511,
    "total_packets": 511,
    "received_percentage": 100.0,
    "program start time": "2025-01-13 16:54:00",
    "sending start time": "2025-01-13 16:54:00",
    "collecting start time": "2025-01-13 16:54:03"
}