{
    "experiment_sequence": 20042,
    "start_time": 488643.088931,
    "end_time": 488643.159715,
    "total_time": 0.070784,
    "timer_frequency": 1795,
    "average_sending_rate": 1794.2,
    "signal_source_mode": 2,
    "signal_source": "n7s12",
    "received_count": 127,
    "total_packets": 127,
    "received_percentage": 100.0,
    "program start time": "2025-01-21 14:11:00",
    "sending start time": "2025-01-21 14:11:00",
    "collecting start time": "2025-01-21 14:11:03"
}