{
    "experiment_sequence": 4039,
    "start_time": 140717.885935,
    "end_time": 140717.955629,
    "total_time": 0.069695,
    "timer_frequency": 1810,
    "average_sending_rate": 1822.23,
    "signal_source_mode": 2,
    "signal_source": "n7s12",
    "received_count": 127,
    "total_packets": 127,
    "received_percentage": 100.0,
    "program start time": "2025-01-18 02:41:00",
    "sending start time": "2025-01-18 02:41:00",
    "collecting start time": "2025-01-18 02:41:03"
}