{
    "experiment_sequence": 20061,
    "start_time": 489783.089108,
    "end_time": 489783.163391,
    "total_time": 0.074284,
    "timer_frequency": 1700,
    "average_sending_rate": 1709.66,
    "signal_source_mode": 2,
    "signal_source": "n7s12",
    "received_count": 127,
    "total_packets": 127,
    "received_percentage": 100.0,
    "program start time": "2025-01-21 14:30:00",
    "sending start time": "2025-01-21 14:30:00",
    "collecting start time": "2025-01-21 14:30:03"
}