{
    "experiment_sequence": 26053,
    "start_time": 158397.01311,
    "end_time": 158397.085574,
    "total_time": 0.072464,
    "timer_frequency": 1740,
    "average_sending_rate": 1752.59,
    "signal_source_mode": 2,
    "signal_source": "n7s12",
    "received_count": 127,
    "total_packets": 127,
    "received_percentage": 100.0,
    "program start time": "2025-01-27 16:56:55",
    "sending start time": "2025-01-27 16:57:00",
    "collecting start time": "2025-01-27 16:57:03"
}