{
    "experiment_sequence": 8047,
    "start_time": 4650.884449,
    "end_time": 4651.461991,
    "total_time": 0.577542,
    "timer_frequency": 1770,
    "average_sending_rate": 1771.3,
    "signal_source_mode": 2,
    "signal_source": "n10s12",
    "received_count": 1023,
    "total_packets": 1023,
    "received_percentage": 100.0,
    "program start time": "2025-01-03 19:25:00",
    "sending start time": "2025-01-03 19:25:00",
    "collecting start time": "2025-01-03 19:25:03"
}