{
    "experiment_sequence": 2025,
    "start_time": 137818.809092,
    "end_time": 137818.876205,
    "total_time": 0.067112,
    "timer_frequency": 1880,
    "average_sending_rate": 1892.35,
    "signal_source_mode": 2,
    "signal_source": "n7s12",
    "received_count": 127,
    "total_packets": 127,
    "received_percentage": 100.0,
    "program start time": "2025-01-16 13:26:55",
    "sending start time": "2025-01-16 13:26:59",
    "collecting start time": "2025-01-16 13:27:03"
}