{
    "experiment_sequence": 2040,
    "start_time": 7577.884711,
    "end_time": 7577.954597,
    "total_time": 0.069886,
    "timer_frequency": 1805,
    "average_sending_rate": 1817.23,
    "signal_source_mode": 2,
    "signal_source": "n7s12",
    "received_count": 127,
    "total_packets": 127,
    "received_percentage": 100.0,
    "program start time": "2025-01-16 13:42:00",
    "sending start time": "2025-01-16 13:42:00",
    "collecting start time": "2025-01-16 13:42:03"
}