{
    "experiment_sequence": 4028,
    "start_time": 271198.819258,
    "end_time": 271198.886915,
    "total_time": 0.067656,
    "timer_frequency": 1865,
    "average_sending_rate": 1877.13,
    "signal_source_mode": 2,
    "signal_source": "n7s12",
    "received_count": 127,
    "total_packets": 127,
    "received_percentage": 100.0,
    "program start time": "2025-01-18 02:29:55",
    "sending start time": "2025-01-18 02:30:00",
    "collecting start time": "2025-01-18 02:30:03"
}