{
    "experiment_sequence": 20040,
    "start_time": 488523.089711,
    "end_time": 488523.16003,
    "total_time": 0.070319,
    "timer_frequency": 1805,
    "average_sending_rate": 1806.05,
    "signal_source_mode": 2,
    "signal_source": "n7s12",
    "received_count": 127,
    "total_packets": 127,
    "received_percentage": 100.0,
    "program start time": "2025-01-21 14:09:00",
    "sending start time": "2025-01-21 14:09:00",
    "collecting start time": "2025-01-21 14:09:03"
}