{
    "experiment_sequence": 4061,
    "start_time": 142037.884651,
    "end_time": 142037.958848,
    "total_time": 0.074197,
    "timer_frequency": 1700,
    "average_sending_rate": 1711.66,
    "signal_source_mode": 2,
    "signal_source": "n7s12",
    "received_count": 127,
    "total_packets": 127,
    "received_percentage": 100.0,
    "program start time": "2025-01-18 03:03:00",
    "sending start time": "2025-01-18 03:03:00",
    "collecting start time": "2025-01-18 03:03:03"
}