{
    "experiment_sequence": 20055,
    "start_time": 233779.489032,
    "end_time": 233779.561901,
    "total_time": 0.072869,
    "timer_frequency": 1730,
    "average_sending_rate": 1742.85,
    "signal_source_mode": 2,
    "signal_source": "n7s12",
    "received_count": 127,
    "total_packets": 127,
    "received_percentage": 100.0,
    "program start time": "2025-01-21 14:23:55",
    "sending start time": "2025-01-21 14:24:00",
    "collecting start time": "2025-01-21 14:24:03"
}