{
    "experiment_sequence": 8041,
    "start_time": 6984.759541,
    "end_time": 6985.327947,
    "total_time": 0.568407,
    "timer_frequency": 1800,
    "average_sending_rate": 1799.77,
    "signal_source_mode": 2,
    "signal_source": "n10s12",
    "received_count": 1023,
    "total_packets": 1023,
    "received_percentage": 100.0,
    "program start time": "2025-01-03 19:18:55",
    "sending start time": "2025-01-03 19:18:59",
    "collecting start time": "2025-01-03 19:19:03"
}