{
    "experiment_sequence": 4021,
    "start_time": 139637.88475,
    "end_time": 139637.951174,
    "total_time": 0.066423,
    "timer_frequency": 1900,
    "average_sending_rate": 1911.97,
    "signal_source_mode": 2,
    "signal_source": "n7s12",
    "received_count": 127,
    "total_packets": 127,
    "received_percentage": 100.0,
    "program start time": "2025-01-18 02:23:00",
    "sending start time": "2025-01-18 02:23:00",
    "collecting start time": "2025-01-18 02:23:03"
}