{
    "experiment_sequence": 8060,
    "start_time": 8124.764291,
    "end_time": 8125.365233,
    "total_time": 0.600942,
    "timer_frequency": 1705,
    "average_sending_rate": 1702.33,
    "signal_source_mode": 2,
    "signal_source": "n10s12",
    "received_count": 1023,
    "total_packets": 1023,
    "received_percentage": 100.0,
    "program start time": "2025-01-03 19:37:55",
    "sending start time": "2025-01-03 19:38:00",
    "collecting start time": "2025-01-03 19:38:03"
}