{
    "experiment_sequence": 6013,
    "start_time": 6502.672499,
    "end_time": 6502.737545,
    "total_time": 0.065046,
    "timer_frequency": 1940,
    "average_sending_rate": 1952.46,
    "signal_source_mode": 2,
    "signal_source": "n7s12",
    "received_count": 127,
    "total_packets": 127,
    "received_percentage": 100.0,
    "program start time": "2025-02-21 17:40:55",
    "sending start time": "2025-02-21 17:40:59",
    "collecting start time": "2025-02-21 17:41:02"
}