{
    "experiment_sequence": 20044,
    "start_time": 233119.486646,
    "end_time": 233119.55727,
    "total_time": 0.070624,
    "timer_frequency": 1785,
    "average_sending_rate": 1798.27,
    "signal_source_mode": 2,
    "signal_source": "n7s12",
    "received_count": 127,
    "total_packets": 127,
    "received_percentage": 100.0,
    "program start time": "2025-01-21 14:12:55",
    "sending start time": "2025-01-21 14:13:00",
    "collecting start time": "2025-01-21 14:13:03"
}