{
    "experiment_sequence": 4053,
    "start_time": 272698.819625,
    "end_time": 272698.892142,
    "total_time": 0.072517,
    "timer_frequency": 1740,
    "average_sending_rate": 1751.32,
    "signal_source_mode": 2,
    "signal_source": "n7s12",
    "received_count": 127,
    "total_packets": 127,
    "received_percentage": 100.0,
    "program start time": "2025-01-18 02:54:55",
    "sending start time": "2025-01-18 02:55:00",
    "collecting start time": "2025-01-18 02:55:03"
}