{
    "experiment_sequence": 4038,
    "start_time": 140657.884731,
    "end_time": 140657.954244,
    "total_time": 0.069513,
    "timer_frequency": 1815,
    "average_sending_rate": 1826.99,
    "signal_source_mode": 2,
    "signal_source": "n7s12",
    "received_count": 127,
    "total_packets": 127,
    "received_percentage": 100.0,
    "program start time": "2025-01-18 02:40:00",
    "sending start time": "2025-01-18 02:40:00",
    "collecting start time": "2025-01-18 02:40:03"
}