{
    "experiment_sequence": 2005,
    "start_time": 136618.801138,
    "end_time": 136618.864873,
    "total_time": 0.063736,
    "timer_frequency": 1980,
    "average_sending_rate": 1992.61,
    "signal_source_mode": 2,
    "signal_source": "n7s12",
    "received_count": 127,
    "total_packets": 127,
    "received_percentage": 100.0,
    "program start time": "2025-01-16 13:06:55",
    "sending start time": "2025-01-16 13:06:59",
    "collecting start time": "2025-01-16 13:07:03"
}