{
    "experiment_sequence": 20009,
    "start_time": 486663.082559,
    "end_time": 486663.147002,
    "total_time": 0.064443,
    "timer_frequency": 1960,
    "average_sending_rate": 1970.73,
    "signal_source_mode": 2,
    "signal_source": "n7s12",
    "received_count": 127,
    "total_packets": 127,
    "received_percentage": 100.0,
    "program start time": "2025-01-21 13:38:00",
    "sending start time": "2025-01-21 13:38:00",
    "collecting start time": "2025-01-21 13:38:03"
}