{
    "experiment_sequence": 6028,
    "start_time": 9726.293845,
    "end_time": 9726.361486,
    "total_time": 0.067641,
    "timer_frequency": 1865,
    "average_sending_rate": 1877.57,
    "signal_source_mode": 2,
    "signal_source": "n7s12",
    "received_count": 127,
    "total_packets": 127,
    "received_percentage": 100.0,
    "program start time": "2025-02-21 17:56:00",
    "sending start time": "2025-02-21 17:56:00",
    "collecting start time": "2025-02-21 17:56:03"
}