{
    "experiment_sequence": 1044,
    "start_time": 65869.224367,
    "end_time": 65869.874282,
    "total_time": 0.649915,
    "timer_frequency": 785,
    "average_sending_rate": 786.26,
    "signal_source_mode": 2,
    "signal_source": "n9s12",
    "received_count": 511,
    "total_packets": 511,
    "received_percentage": 100.0,
    "program start time": "2025-01-13 16:43:55",
    "sending start time": "2025-01-13 16:44:00",
    "collecting start time": "2025-01-13 16:44:03"
}