{
    "experiment_sequence": 20016,
    "start_time": 231439.491506,
    "end_time": 231439.557008,
    "total_time": 0.065502,
    "timer_frequency": 1925,
    "average_sending_rate": 1938.87,
    "signal_source_mode": 2,
    "signal_source": "n7s12",
    "received_count": 127,
    "total_packets": 127,
    "received_percentage": 100.0,
    "program start time": "2025-01-21 13:44:55",
    "sending start time": "2025-01-21 13:45:00",
    "collecting start time": "2025-01-21 13:45:03"
}