{
    "experiment_sequence": 1040,
    "start_time": 87871.862802,
    "end_time": 87872.496437,
    "total_time": 0.633635,
    "timer_frequency": 805,
    "average_sending_rate": 806.46,
    "signal_source_mode": 2,
    "signal_source": "n9s12",
    "received_count": 511,
    "total_packets": 511,
    "received_percentage": 100.0,
    "program start time": "2025-01-13 16:40:00",
    "sending start time": "2025-01-13 16:40:00",
    "collecting start time": "2025-01-13 16:40:03"
}