{
    "experiment_sequence": 6004,
    "start_time": 5962.672947,
    "end_time": 5962.736523,
    "total_time": 0.063576,
    "timer_frequency": 1985,
    "average_sending_rate": 1997.62,
    "signal_source_mode": 2,
    "signal_source": "n7s12",
    "received_count": 127,
    "total_packets": 127,
    "received_percentage": 100.0,
    "program start time": "2025-02-21 17:31:55",
    "sending start time": "2025-02-21 17:31:59",
    "collecting start time": "2025-02-21 17:32:02"
}