{
    "experiment_sequence": 2051,
    "start_time": 139378.810838,
    "end_time": 139378.88293,
    "total_time": 0.072092,
    "timer_frequency": 1750,
    "average_sending_rate": 1761.65,
    "signal_source_mode": 2,
    "signal_source": "n7s12",
    "received_count": 127,
    "total_packets": 127,
    "received_percentage": 100.0,
    "program start time": "2025-01-16 13:52:55",
    "sending start time": "2025-01-16 13:52:59",
    "collecting start time": "2025-01-16 13:53:03"
}