{
    "experiment_sequence": 20012,
    "start_time": 486843.077395,
    "end_time": 486843.142497,
    "total_time": 0.065102,
    "timer_frequency": 1945,
    "average_sending_rate": 1950.8,
    "signal_source_mode": 2,
    "signal_source": "n7s12",
    "received_count": 127,
    "total_packets": 127,
    "received_percentage": 100.0,
    "program start time": "2025-01-21 13:41:00",
    "sending start time": "2025-01-21 13:41:00",
    "collecting start time": "2025-01-21 13:41:03"
}