{
    "experiment_sequence": 2038,
    "start_time": 138598.81285,
    "end_time": 138598.882365,
    "total_time": 0.069514,
    "timer_frequency": 1815,
    "average_sending_rate": 1826.96,
    "signal_source_mode": 2,
    "signal_source": "n7s12",
    "received_count": 127,
    "total_packets": 127,
    "received_percentage": 100.0,
    "program start time": "2025-01-16 13:39:55",
    "sending start time": "2025-01-16 13:39:59",
    "collecting start time": "2025-01-16 13:40:03"
}