{
    "experiment_sequence": 4043,
    "start_time": 272098.819835,
    "end_time": 272098.890341,
    "total_time": 0.070505,
    "timer_frequency": 1790,
    "average_sending_rate": 1801.28,
    "signal_source_mode": 2,
    "signal_source": "n7s12",
    "received_count": 127,
    "total_packets": 127,
    "received_percentage": 100.0,
    "program start time": "2025-01-18 02:44:55",
    "sending start time": "2025-01-18 02:45:00",
    "collecting start time": "2025-01-18 02:45:03"
}