{
    "experiment_sequence": 20027,
    "start_time": 487743.087841,
    "end_time": 487743.155357,
    "total_time": 0.067515,
    "timer_frequency": 1870,
    "average_sending_rate": 1881.05,
    "signal_source_mode": 2,
    "signal_source": "n7s12",
    "received_count": 127,
    "total_packets": 127,
    "received_percentage": 100.0,
    "program start time": "2025-01-21 13:56:00",
    "sending start time": "2025-01-21 13:56:00",
    "collecting start time": "2025-01-21 13:56:03"
}