{
    "experiment_sequence": 6043,
    "start_time": 10626.294013,
    "end_time": 10626.364526,
    "total_time": 0.070513,
    "timer_frequency": 1790,
    "average_sending_rate": 1801.09,
    "signal_source_mode": 2,
    "signal_source": "n7s12",
    "received_count": 127,
    "total_packets": 127,
    "received_percentage": 100.0,
    "program start time": "2025-02-21 18:11:00",
    "sending start time": "2025-02-21 18:11:00",
    "collecting start time": "2025-02-21 18:11:03"
}