{
    "experiment_sequence": 102,
    "start_time": 31531.863133,
    "end_time": 31531.947479,
    "total_time": 0.084346,
    "timer_frequency": 1495,
    "average_sending_rate": 1505.71,
    "signal_source_mode": 2,
    "signal_source": "n7s12",
    "received_count": 127,
    "total_packets": 127,
    "received_percentage": 100.0,
    "program start time": "2025-01-13 01:01:00",
    "sending start time": "2025-01-13 01:01:00",
    "collecting start time": "2025-01-13 01:01:03"
}