{
    "experiment_sequence": 20061,
    "start_time": 234139.491819,
    "end_time": 234139.566071,
    "total_time": 0.074251,
    "timer_frequency": 1700,
    "average_sending_rate": 1710.41,
    "signal_source_mode": 2,
    "signal_source": "n7s12",
    "received_count": 127,
    "total_packets": 127,
    "received_percentage": 100.0,
    "program start time": "2025-01-21 14:29:55",
    "sending start time": "2025-01-21 14:30:00",
    "collecting start time": "2025-01-21 14:30:05"
}