{
    "experiment_sequence": 20036,
    "start_time": 232639.490201,
    "end_time": 232639.559279,
    "total_time": 0.069078,
    "timer_frequency": 1825,
    "average_sending_rate": 1838.51,
    "signal_source_mode": 2,
    "signal_source": "n7s12",
    "received_count": 127,
    "total_packets": 127,
    "received_percentage": 100.0,
    "program start time": "2025-01-21 14:04:55",
    "sending start time": "2025-01-21 14:05:00",
    "collecting start time": "2025-01-21 14:05:03"
}