{
    "experiment_sequence": 26005,
    "start_time": 158636.918622,
    "end_time": 158636.982276,
    "total_time": 0.063654,
    "timer_frequency": 1980,
    "average_sending_rate": 1995.16,
    "signal_source_mode": 2,
    "signal_source": "n7s12",
    "received_count": 127,
    "total_packets": 127,
    "received_percentage": 100.0,
    "program start time": "2025-01-27 16:43:00",
    "sending start time": "2025-01-27 16:43:00",
    "collecting start time": "2025-01-27 16:43:04"
}