{
    "experiment_sequence": 4006,
    "start_time": 138737.885872,
    "end_time": 138737.95041,
    "total_time": 0.064537,
    "timer_frequency": 1975,
    "average_sending_rate": 1967.85,
    "signal_source_mode": 2,
    "signal_source": "n7s12",
    "received_count": 127,
    "total_packets": 127,
    "received_percentage": 100.0,
    "program start time": "2025-01-18 02:08:00",
    "sending start time": "2025-01-18 02:08:00",
    "collecting start time": "2025-01-18 02:08:03"
}