{
    "experiment_sequence": 1023,
    "start_time": 86851.862739,
    "end_time": 86852.435882,
    "total_time": 0.573143,
    "timer_frequency": 890,
    "average_sending_rate": 891.57,
    "signal_source_mode": 2,
    "signal_source": "n9s12",
    "received_count": 511,
    "total_packets": 511,
    "received_percentage": 100.0,
    "program start time": "2025-01-13 16:23:00",
    "sending start time": "2025-01-13 16:23:00",
    "collecting start time": "2025-01-13 16:23:03"
}