{
    "experiment_sequence": 1026,
    "start_time": 87031.863011,
    "end_time": 87032.445956,
    "total_time": 0.582946,
    "timer_frequency": 875,
    "average_sending_rate": 876.58,
    "signal_source_mode": 2,
    "signal_source": "n9s12",
    "received_count": 511,
    "total_packets": 511,
    "received_percentage": 100.0,
    "program start time": "2025-01-13 16:26:00",
    "sending start time": "2025-01-13 16:26:00",
    "collecting start time": "2025-01-13 16:26:03"
}