{
    "experiment_sequence": 8038,
    "start_time": 4110.88386,
    "end_time": 4111.447133,
    "total_time": 0.563272,
    "timer_frequency": 1815,
    "average_sending_rate": 1816.17,
    "signal_source_mode": 2,
    "signal_source": "n10s12",
    "received_count": 1023,
    "total_packets": 1023,
    "received_percentage": 100.0,
    "program start time": "2025-01-03 19:16:00",
    "sending start time": "2025-01-03 19:16:00",
    "collecting start time": "2025-01-03 19:16:03"
}