{
    "experiment_sequence": 20056,
    "start_time": 233839.489859,
    "end_time": 233839.562979,
    "total_time": 0.073121,
    "timer_frequency": 1725,
    "average_sending_rate": 1736.85,
    "signal_source_mode": 2,
    "signal_source": "n7s12",
    "received_count": 127,
    "total_packets": 127,
    "received_percentage": 100.0,
    "program start time": "2025-01-21 14:24:55",
    "sending start time": "2025-01-21 14:25:00",
    "collecting start time": "2025-01-21 14:25:03"
}