{
    "experiment_sequence": 2005,
    "start_time": 5477.886033,
    "end_time": 5477.949745,
    "total_time": 0.063713,
    "timer_frequency": 1980,
    "average_sending_rate": 1993.32,
    "signal_source_mode": 2,
    "signal_source": "n7s12",
    "received_count": 127,
    "total_packets": 127,
    "received_percentage": 100.0,
    "program start time": "2025-01-16 13:07:00",
    "sending start time": "2025-01-16 13:07:00",
    "collecting start time": "2025-01-16 13:07:03"
}