{
    "experiment_sequence": 8012,
    "start_time": 5244.763396,
    "end_time": 5245.290534,
    "total_time": 0.527138,
    "timer_frequency": 1945,
    "average_sending_rate": 1940.67,
    "signal_source_mode": 2,
    "signal_source": "n10s12",
    "received_count": 1023,
    "total_packets": 1023,
    "received_percentage": 100.0,
    "program start time": "2025-01-03 18:49:55",
    "sending start time": "2025-01-03 18:50:00",
    "collecting start time": "2025-01-03 18:50:03"
}