{
    "experiment_sequence": 8011,
    "start_time": 5184.764228,
    "end_time": 5185.289784,
    "total_time": 0.525557,
    "timer_frequency": 1950,
    "average_sending_rate": 1946.51,
    "signal_source_mode": 2,
    "signal_source": "n10s12",
    "received_count": 1023,
    "total_packets": 1023,
    "received_percentage": 100.0,
    "program start time": "2025-01-03 18:48:55",
    "sending start time": "2025-01-03 18:49:00",
    "collecting start time": "2025-01-03 18:49:03"
}