{
    "experiment_sequence": 6034,
    "start_time": 10086.293831,
    "end_time": 10086.362576,
    "total_time": 0.068745,
    "timer_frequency": 1835,
    "average_sending_rate": 1847.41,
    "signal_source_mode": 2,
    "signal_source": "n7s12",
    "received_count": 127,
    "total_packets": 127,
    "received_percentage": 100.0,
    "program start time": "2025-02-21 18:02:00",
    "sending start time": "2025-02-21 18:02:00",
    "collecting start time": "2025-02-21 18:02:03"
}