{
    "experiment_sequence": 22059,
    "start_time": 140499.205246,
    "end_time": 140499.27932,
    "total_time": 0.074074,
    "timer_frequency": 1710,
    "average_sending_rate": 1714.5,
    "signal_source_mode": 2,
    "signal_source": "n7s12",
    "received_count": 127,
    "total_packets": 127,
    "received_percentage": 100.0,
    "program start time": "2025-01-26 03:15:55",
    "sending start time": "2025-01-26 03:16:00",
    "collecting start time": "2025-01-26 03:16:03"
}