{
    "experiment_sequence": 1048,
    "start_time": 66109.223902,
    "end_time": 66109.890791,
    "total_time": 0.666888,
    "timer_frequency": 765,
    "average_sending_rate": 766.25,
    "signal_source_mode": 2,
    "signal_source": "n9s12",
    "received_count": 511,
    "total_packets": 511,
    "received_percentage": 100.0,
    "program start time": "2025-01-13 16:47:55",
    "sending start time": "2025-01-13 16:48:00",
    "collecting start time": "2025-01-13 16:48:03"
}