{
    "experiment_sequence": 4008,
    "start_time": 269998.818054,
    "end_time": 269998.882273,
    "total_time": 0.064219,
    "timer_frequency": 1965,
    "average_sending_rate": 1977.61,
    "signal_source_mode": 2,
    "signal_source": "n7s12",
    "received_count": 127,
    "total_packets": 127,
    "received_percentage": 100.0,
    "program start time": "2025-01-18 02:09:55",
    "sending start time": "2025-01-18 02:10:00",
    "collecting start time": "2025-01-18 02:10:03"
}