{
    "experiment_sequence": 6042,
    "start_time": 10566.293837,
    "end_time": 10566.364108,
    "total_time": 0.070271,
    "timer_frequency": 1795,
    "average_sending_rate": 1807.29,
    "signal_source_mode": 2,
    "signal_source": "n7s12",
    "received_count": 127,
    "total_packets": 127,
    "received_percentage": 100.0,
    "program start time": "2025-02-21 18:10:00",
    "sending start time": "2025-02-21 18:10:00",
    "collecting start time": "2025-02-21 18:10:03"
}