{
    "experiment_sequence": 1021,
    "start_time": 64489.222377,
    "end_time": 64489.789262,
    "total_time": 0.566884,
    "timer_frequency": 900,
    "average_sending_rate": 901.42,
    "signal_source_mode": 2,
    "signal_source": "n9s12",
    "received_count": 511,
    "total_packets": 511,
    "received_percentage": 100.0,
    "program start time": "2025-01-13 16:20:55",
    "sending start time": "2025-01-13 16:21:00",
    "collecting start time": "2025-01-13 16:21:03"
}