{
    "experiment_sequence": 6013,
    "start_time": 8826.293842,
    "end_time": 8826.358889,
    "total_time": 0.065047,
    "timer_frequency": 1940,
    "average_sending_rate": 1952.43,
    "signal_source_mode": 2,
    "signal_source": "n7s12",
    "received_count": 127,
    "total_packets": 127,
    "received_percentage": 100.0,
    "program start time": "2025-02-21 17:41:00",
    "sending start time": "2025-02-21 17:41:00",
    "collecting start time": "2025-02-21 17:41:03"
}