{
    "experiment_sequence": 4025,
    "start_time": 139877.88479,
    "end_time": 139877.951894,
    "total_time": 0.067104,
    "timer_frequency": 1880,
    "average_sending_rate": 1892.6,
    "signal_source_mode": 2,
    "signal_source": "n7s12",
    "received_count": 127,
    "total_packets": 127,
    "received_percentage": 100.0,
    "program start time": "2025-01-18 02:27:00",
    "sending start time": "2025-01-18 02:27:00",
    "collecting start time": "2025-01-18 02:27:03"
}