{
    "experiment_sequence": 1013,
    "start_time": 86251.863403,
    "end_time": 86252.406056,
    "total_time": 0.542653,
    "timer_frequency": 940,
    "average_sending_rate": 941.67,
    "signal_source_mode": 2,
    "signal_source": "n9s12",
    "received_count": 511,
    "total_packets": 511,
    "received_percentage": 100.0,
    "program start time": "2025-01-13 16:13:00",
    "sending start time": "2025-01-13 16:13:00",
    "collecting start time": "2025-01-13 16:13:03"
}