{
    "experiment_sequence": 20059,
    "start_time": 489663.087411,
    "end_time": 489663.161286,
    "total_time": 0.073875,
    "timer_frequency": 1710,
    "average_sending_rate": 1719.12,
    "signal_source_mode": 2,
    "signal_source": "n7s12",
    "received_count": 127,
    "total_packets": 127,
    "received_percentage": 100.0,
    "program start time": "2025-01-21 14:28:00",
    "sending start time": "2025-01-21 14:28:00",
    "collecting start time": "2025-01-21 14:28:03"
}