{
    "experiment_sequence": 1010,
    "start_time": 86071.862769,
    "end_time": 86072.397267,
    "total_time": 0.534498,
    "timer_frequency": 955,
    "average_sending_rate": 956.04,
    "signal_source_mode": 2,
    "signal_source": "n9s12",
    "received_count": 511,
    "total_packets": 511,
    "received_percentage": 100.0,
    "program start time": "2025-01-13 16:10:00",
    "sending start time": "2025-01-13 16:10:00",
    "collecting start time": "2025-01-13 16:10:03"
}