{
    "experiment_sequence": 2008,
    "start_time": 5657.884909,
    "end_time": 5657.949108,
    "total_time": 0.064199,
    "timer_frequency": 1965,
    "average_sending_rate": 1978.23,
    "signal_source_mode": 2,
    "signal_source": "n7s12",
    "received_count": 127,
    "total_packets": 127,
    "received_percentage": 100.0,
    "program start time": "2025-01-16 13:10:00",
    "sending start time": "2025-01-16 13:10:00",
    "collecting start time": "2025-01-16 13:10:03"
}