{
    "experiment_sequence": 4004,
    "start_time": 269758.819152,
    "end_time": 269758.882729,
    "total_time": 0.063577,
    "timer_frequency": 1985,
    "average_sending_rate": 1997.58,
    "signal_source_mode": 2,
    "signal_source": "n7s12",
    "received_count": 127,
    "total_packets": 127,
    "received_percentage": 100.0,
    "program start time": "2025-01-18 02:05:55",
    "sending start time": "2025-01-18 02:06:00",
    "collecting start time": "2025-01-18 02:06:03"
}