{
    "experiment_sequence": 2031,
    "start_time": 7037.884965,
    "end_time": 7037.953149,
    "total_time": 0.068184,
    "timer_frequency": 1850,
    "average_sending_rate": 1862.61,
    "signal_source_mode": 2,
    "signal_source": "n7s12",
    "received_count": 127,
    "total_packets": 127,
    "received_percentage": 100.0,
    "program start time": "2025-01-16 13:33:00",
    "sending start time": "2025-01-16 13:33:00",
    "collecting start time": "2025-01-16 13:33:03"
}