{
    "experiment_sequence": 4002,
    "start_time": 138497.884703,
    "end_time": 138497.947941,
    "total_time": 0.063238,
    "timer_frequency": 1995,
    "average_sending_rate": 2008.29,
    "signal_source_mode": 2,
    "signal_source": "n7s12",
    "received_count": 127,
    "total_packets": 127,
    "received_percentage": 100.0,
    "program start time": "2025-01-18 02:04:00",
    "sending start time": "2025-01-18 02:04:00",
    "collecting start time": "2025-01-18 02:04:03"
}