{
    "experiment_sequence": 1012,
    "start_time": 86191.862936,
    "end_time": 86192.402742,
    "total_time": 0.539806,
    "timer_frequency": 945,
    "average_sending_rate": 946.64,
    "signal_source_mode": 2,
    "signal_source": "n9s12",
    "received_count": 511,
    "total_packets": 511,
    "received_percentage": 100.0,
    "program start time": "2025-01-13 16:12:00",
    "sending start time": "2025-01-13 16:12:00",
    "collecting start time": "2025-01-13 16:12:03"
}