{
    "experiment_sequence": 26017,
    "start_time": 156417.008413,
    "end_time": 156417.074076,
    "total_time": 0.065663,
    "timer_frequency": 1920,
    "average_sending_rate": 1934.12,
    "signal_source_mode": 2,
    "signal_source": "n7s12",
    "received_count": 127,
    "total_packets": 127,
    "received_percentage": 100.0,
    "program start time": "2025-01-27 16:23:55",
    "sending start time": "2025-01-27 16:24:00",
    "collecting start time": "2025-01-27 16:24:03"
}