{
    "experiment_sequence": 2030,
    "start_time": 6977.884752,
    "end_time": 6977.953256,
    "total_time": 0.068504,
    "timer_frequency": 1855,
    "average_sending_rate": 1853.92,
    "signal_source_mode": 2,
    "signal_source": "n7s12",
    "received_count": 127,
    "total_packets": 127,
    "received_percentage": 100.0,
    "program start time": "2025-01-16 13:32:00",
    "sending start time": "2025-01-16 13:32:00",
    "collecting start time": "2025-01-16 13:32:03"
}