{
    "experiment_sequence": 26029,
    "start_time": 158457.012587,
    "end_time": 158457.080365,
    "total_time": 0.067778,
    "timer_frequency": 1860,
    "average_sending_rate": 1873.77,
    "signal_source_mode": 2,
    "signal_source": "n7s12",
    "received_count": 127,
    "total_packets": 127,
    "received_percentage": 100.0,
    "program start time": "2025-01-27 16:57:55",
    "sending start time": "2025-01-27 16:58:00",
    "collecting start time": "2025-01-27 16:58:03"
}