{
    "experiment_sequence": 8050,
    "start_time": 7524.762886,
    "end_time": 7525.347883,
    "total_time": 0.584997,
    "timer_frequency": 1755,
    "average_sending_rate": 1748.73,
    "signal_source_mode": 2,
    "signal_source": "n10s12",
    "received_count": 1023,
    "total_packets": 1023,
    "received_percentage": 100.0,
    "program start time": "2025-01-03 19:27:55",
    "sending start time": "2025-01-03 19:27:59",
    "collecting start time": "2025-01-03 19:28:03"
}