{
    "experiment_sequence": 2017,
    "start_time": 137338.797351,
    "end_time": 137338.863075,
    "total_time": 0.065724,
    "timer_frequency": 1920,
    "average_sending_rate": 1932.31,
    "signal_source_mode": 2,
    "signal_source": "n7s12",
    "received_count": 127,
    "total_packets": 127,
    "received_percentage": 100.0,
    "program start time": "2025-01-16 13:18:55",
    "sending start time": "2025-01-16 13:18:59",
    "collecting start time": "2025-01-16 13:19:03"
}