{
    "experiment_sequence": 6054,
    "start_time": 8962.672515,
    "end_time": 8962.745242,
    "total_time": 0.072726,
    "timer_frequency": 1735,
    "average_sending_rate": 1746.27,
    "signal_source_mode": 2,
    "signal_source": "n7s12",
    "received_count": 127,
    "total_packets": 127,
    "received_percentage": 100.0,
    "program start time": "2025-02-21 18:21:55",
    "sending start time": "2025-02-21 18:22:00",
    "collecting start time": "2025-02-21 18:22:03"
}