{
    "experiment_sequence": 22060,
    "start_time": 139736.53214,
    "end_time": 139736.606061,
    "total_time": 0.07392,
    "timer_frequency": 1705,
    "average_sending_rate": 1718.06,
    "signal_source_mode": 2,
    "signal_source": "n7s12",
    "received_count": 127,
    "total_packets": 127,
    "received_percentage": 100.0,
    "program start time": "2025-01-26 03:24:00",
    "sending start time": "2025-01-26 03:24:00",
    "collecting start time": "2025-01-26 03:24:04"
}