{
    "experiment_sequence": 20059,
    "start_time": 234019.490108,
    "end_time": 234019.563828,
    "total_time": 0.07372,
    "timer_frequency": 1710,
    "average_sending_rate": 1722.72,
    "signal_source_mode": 2,
    "signal_source": "n7s12",
    "received_count": 127,
    "total_packets": 127,
    "received_percentage": 100.0,
    "program start time": "2025-01-21 14:27:55",
    "sending start time": "2025-01-21 14:28:00",
    "collecting start time": "2025-01-21 14:28:04"
}