{
    "experiment_sequence": 6025,
    "start_time": 9546.295166,
    "end_time": 9546.362263,
    "total_time": 0.067097,
    "timer_frequency": 1880,
    "average_sending_rate": 1892.78,
    "signal_source_mode": 2,
    "signal_source": "n7s12",
    "received_count": 127,
    "total_packets": 127,
    "received_percentage": 100.0,
    "program start time": "2025-02-21 17:53:00",
    "sending start time": "2025-02-21 17:53:00",
    "collecting start time": "2025-02-21 17:53:03"
}