{
    "experiment_sequence": 4001,
    "start_time": 138437.885005,
    "end_time": 138437.948536,
    "total_time": 0.06353,
    "timer_frequency": 2000,
    "average_sending_rate": 1999.05,
    "signal_source_mode": 2,
    "signal_source": "n7s12",
    "received_count": 127,
    "total_packets": 127,
    "received_percentage": 100.0,
    "program start time": "2025-01-18 02:03:00",
    "sending start time": "2025-01-18 02:03:00",
    "collecting start time": "2025-01-18 02:03:03"
}