{
    "experiment_sequence": 20033,
    "start_time": 232459.49001,
    "end_time": 232459.5586,
    "total_time": 0.068591,
    "timer_frequency": 1840,
    "average_sending_rate": 1851.56,
    "signal_source_mode": 2,
    "signal_source": "n7s12",
    "received_count": 127,
    "total_packets": 127,
    "received_percentage": 100.0,
    "program start time": "2025-01-21 14:01:55",
    "sending start time": "2025-01-21 14:02:00",
    "collecting start time": "2025-01-21 14:02:04"
}