{
    "experiment_sequence": 6047,
    "start_time": 10866.293871,
    "end_time": 10866.365135,
    "total_time": 0.071264,
    "timer_frequency": 1770,
    "average_sending_rate": 1782.12,
    "signal_source_mode": 2,
    "signal_source": "n7s12",
    "received_count": 127,
    "total_packets": 127,
    "received_percentage": 100.0,
    "program start time": "2025-02-21 18:15:00",
    "sending start time": "2025-02-21 18:15:00",
    "collecting start time": "2025-02-21 18:15:03"
}