{
    "experiment_sequence": 6039,
    "start_time": 8062.672158,
    "end_time": 8062.741874,
    "total_time": 0.069716,
    "timer_frequency": 1810,
    "average_sending_rate": 1821.67,
    "signal_source_mode": 2,
    "signal_source": "n7s12",
    "received_count": 127,
    "total_packets": 127,
    "received_percentage": 100.0,
    "program start time": "2025-02-21 18:06:55",
    "sending start time": "2025-02-21 18:07:00",
    "collecting start time": "2025-02-21 18:07:03"
}