{
    "experiment_sequence": 1026,
    "start_time": 64789.222864,
    "end_time": 64789.805946,
    "total_time": 0.583082,
    "timer_frequency": 875,
    "average_sending_rate": 876.38,
    "signal_source_mode": 2,
    "signal_source": "n9s12",
    "received_count": 511,
    "total_packets": 511,
    "received_percentage": 100.0,
    "program start time": "2025-01-13 16:25:55",
    "sending start time": "2025-01-13 16:26:00",
    "collecting start time": "2025-01-13 16:26:03"
}