{
    "experiment_sequence": 2033,
    "start_time": 138298.812339,
    "end_time": 138298.88092,
    "total_time": 0.068581,
    "timer_frequency": 1840,
    "average_sending_rate": 1851.82,
    "signal_source_mode": 2,
    "signal_source": "n7s12",
    "received_count": 127,
    "total_packets": 127,
    "received_percentage": 100.0,
    "program start time": "2025-01-16 13:34:55",
    "sending start time": "2025-01-16 13:34:59",
    "collecting start time": "2025-01-16 13:35:03"
}