{
    "experiment_sequence": 2036,
    "start_time": 138478.812876,
    "end_time": 138478.882011,
    "total_time": 0.069135,
    "timer_frequency": 1825,
    "average_sending_rate": 1836.98,
    "signal_source_mode": 2,
    "signal_source": "n7s12",
    "received_count": 127,
    "total_packets": 127,
    "received_percentage": 100.0,
    "program start time": "2025-01-16 13:37:55",
    "sending start time": "2025-01-16 13:37:59",
    "collecting start time": "2025-01-16 13:38:03"
}