{
    "experiment_sequence": 2021,
    "start_time": 6437.882287,
    "end_time": 6437.948653,
    "total_time": 0.066366,
    "timer_frequency": 1900,
    "average_sending_rate": 1913.62,
    "signal_source_mode": 2,
    "signal_source": "n7s12",
    "received_count": 127,
    "total_packets": 127,
    "received_percentage": 100.0,
    "program start time": "2025-01-16 13:23:00",
    "sending start time": "2025-01-16 13:23:00",
    "collecting start time": "2025-01-16 13:23:03"
}