{
    "experiment_sequence": 2053,
    "start_time": 8357.884701,
    "end_time": 8357.957189,
    "total_time": 0.072488,
    "timer_frequency": 1740,
    "average_sending_rate": 1752.01,
    "signal_source_mode": 2,
    "signal_source": "n7s12",
    "received_count": 127,
    "total_packets": 127,
    "received_percentage": 100.0,
    "program start time": "2025-01-16 13:55:00",
    "sending start time": "2025-01-16 13:55:00",
    "collecting start time": "2025-01-16 13:55:03"
}