{
    "experiment_sequence": 6040,
    "start_time": 10446.293851,
    "end_time": 10446.363734,
    "total_time": 0.069883,
    "timer_frequency": 1805,
    "average_sending_rate": 1817.33,
    "signal_source_mode": 2,
    "signal_source": "n7s12",
    "received_count": 127,
    "total_packets": 127,
    "received_percentage": 100.0,
    "program start time": "2025-02-21 18:08:00",
    "sending start time": "2025-02-21 18:08:00",
    "collecting start time": "2025-02-21 18:08:03"
}