{
    "experiment_sequence": 2027,
    "start_time": 137938.810454,
    "end_time": 137938.877936,
    "total_time": 0.067483,
    "timer_frequency": 1870,
    "average_sending_rate": 1881.97,
    "signal_source_mode": 2,
    "signal_source": "n7s12",
    "received_count": 127,
    "total_packets": 127,
    "received_percentage": 100.0,
    "program start time": "2025-01-16 13:28:55",
    "sending start time": "2025-01-16 13:28:59",
    "collecting start time": "2025-01-16 13:29:03"
}