{
    "experiment_sequence": 6018,
    "start_time": 6802.672215,
    "end_time": 6802.738108,
    "total_time": 0.065894,
    "timer_frequency": 1915,
    "average_sending_rate": 1927.34,
    "signal_source_mode": 2,
    "signal_source": "n7s12",
    "received_count": 127,
    "total_packets": 127,
    "received_percentage": 100.0,
    "program start time": "2025-02-21 17:45:55",
    "sending start time": "2025-02-21 17:45:59",
    "collecting start time": "2025-02-21 17:46:02"
}