{
    "experiment_sequence": 8052,
    "start_time": 7644.763577,
    "end_time": 7645.350776,
    "total_time": 0.587198,
    "timer_frequency": 1745,
    "average_sending_rate": 1742.17,
    "signal_source_mode": 2,
    "signal_source": "n10s12",
    "received_count": 1023,
    "total_packets": 1023,
    "received_percentage": 100.0,
    "program start time": "2025-01-03 19:29:55",
    "sending start time": "2025-01-03 19:30:00",
    "collecting start time": "2025-01-03 19:30:03"
}