{
    "experiment_sequence": 1020,
    "start_time": 64429.223145,
    "end_time": 64429.786917,
    "total_time": 0.563772,
    "timer_frequency": 905,
    "average_sending_rate": 906.39,
    "signal_source_mode": 2,
    "signal_source": "n9s12",
    "received_count": 511,
    "total_packets": 511,
    "received_percentage": 100.0,
    "program start time": "2025-01-13 16:19:55",
    "sending start time": "2025-01-13 16:20:00",
    "collecting start time": "2025-01-13 16:20:03"
}