{
    "experiment_sequence": 8008,
    "start_time": 5004.763584,
    "end_time": 5005.284981,
    "total_time": 0.521397,
    "timer_frequency": 1965,
    "average_sending_rate": 1962.04,
    "signal_source_mode": 2,
    "signal_source": "n10s12",
    "received_count": 1023,
    "total_packets": 1023,
    "received_percentage": 100.0,
    "program start time": "2025-01-03 18:45:55",
    "sending start time": "2025-01-03 18:46:00",
    "collecting start time": "2025-01-03 18:46:03"
}