{
    "experiment_sequence": 4025,
    "start_time": 271018.819194,
    "end_time": 271018.886314,
    "total_time": 0.06712,
    "timer_frequency": 1880,
    "average_sending_rate": 1892.15,
    "signal_source_mode": 2,
    "signal_source": "n7s12",
    "received_count": 127,
    "total_packets": 127,
    "received_percentage": 100.0,
    "program start time": "2025-01-18 02:26:55",
    "sending start time": "2025-01-18 02:27:00",
    "collecting start time": "2025-01-18 02:27:03"
}