{
    "experiment_sequence": 4041,
    "start_time": 140837.884709,
    "end_time": 140837.954793,
    "total_time": 0.070084,
    "timer_frequency": 1800,
    "average_sending_rate": 1812.11,
    "signal_source_mode": 2,
    "signal_source": "n7s12",
    "received_count": 127,
    "total_packets": 127,
    "received_percentage": 100.0,
    "program start time": "2025-01-18 02:43:00",
    "sending start time": "2025-01-18 02:43:00",
    "collecting start time": "2025-01-18 02:43:03"
}