{
    "experiment_sequence": 8009,
    "start_time": 2370.884385,
    "end_time": 2371.405962,
    "total_time": 0.521576,
    "timer_frequency": 1960,
    "average_sending_rate": 1961.36,
    "signal_source_mode": 2,
    "signal_source": "n10s12",
    "received_count": 1023,
    "total_packets": 1023,
    "received_percentage": 100.0,
    "program start time": "2025-01-03 18:47:00",
    "sending start time": "2025-01-03 18:47:00",
    "collecting start time": "2025-01-03 18:47:03"
}