{
    "experiment_sequence": 6039,
    "start_time": 10386.293731,
    "end_time": 10386.363587,
    "total_time": 0.069856,
    "timer_frequency": 1810,
    "average_sending_rate": 1818.03,
    "signal_source_mode": 2,
    "signal_source": "n7s12",
    "received_count": 127,
    "total_packets": 127,
    "received_percentage": 100.0,
    "program start time": "2025-02-21 18:07:00",
    "sending start time": "2025-02-21 18:07:00",
    "collecting start time": "2025-02-21 18:07:03"
}