{
    "experiment_sequence": 2041,
    "start_time": 138778.812138,
    "end_time": 138778.882233,
    "total_time": 0.070095,
    "timer_frequency": 1800,
    "average_sending_rate": 1811.82,
    "signal_source_mode": 2,
    "signal_source": "n7s12",
    "received_count": 127,
    "total_packets": 127,
    "received_percentage": 100.0,
    "program start time": "2025-01-16 13:42:55",
    "sending start time": "2025-01-16 13:42:59",
    "collecting start time": "2025-01-16 13:43:03"
}