{
    "experiment_sequence": 2059,
    "start_time": 139858.814756,
    "end_time": 139858.888537,
    "total_time": 0.073781,
    "timer_frequency": 1710,
    "average_sending_rate": 1721.31,
    "signal_source_mode": 2,
    "signal_source": "n7s12",
    "received_count": 127,
    "total_packets": 127,
    "received_percentage": 100.0,
    "program start time": "2025-01-16 14:00:55",
    "sending start time": "2025-01-16 14:00:59",
    "collecting start time": "2025-01-16 14:01:03"
}