{
    "experiment_sequence": 4009,
    "start_time": 138917.884815,
    "end_time": 138917.949208,
    "total_time": 0.064392,
    "timer_frequency": 1960,
    "average_sending_rate": 1972.29,
    "signal_source_mode": 2,
    "signal_source": "n7s12",
    "received_count": 127,
    "total_packets": 127,
    "received_percentage": 100.0,
    "program start time": "2025-01-18 02:11:00",
    "sending start time": "2025-01-18 02:11:00",
    "collecting start time": "2025-01-18 02:11:03"
}