{
    "experiment_sequence": 6022,
    "start_time": 9366.293837,
    "end_time": 9366.360415,
    "total_time": 0.066578,
    "timer_frequency": 1895,
    "average_sending_rate": 1907.54,
    "signal_source_mode": 2,
    "signal_source": "n7s12",
    "received_count": 127,
    "total_packets": 127,
    "received_percentage": 100.0,
    "program start time": "2025-02-21 17:50:00",
    "sending start time": "2025-02-21 17:50:00",
    "collecting start time": "2025-02-21 17:50:03"
}