{
    "experiment_sequence": 6021,
    "start_time": 6982.672452,
    "end_time": 6982.738861,
    "total_time": 0.066409,
    "timer_frequency": 1900,
    "average_sending_rate": 1912.38,
    "signal_source_mode": 2,
    "signal_source": "n7s12",
    "received_count": 127,
    "total_packets": 127,
    "received_percentage": 100.0,
    "program start time": "2025-02-21 17:48:55",
    "sending start time": "2025-02-21 17:48:59",
    "collecting start time": "2025-02-21 17:49:02"
}