{
    "experiment_sequence": 4029,
    "start_time": 140117.885944,
    "end_time": 140117.95381,
    "total_time": 0.067866,
    "timer_frequency": 1860,
    "average_sending_rate": 1871.34,
    "signal_source_mode": 2,
    "signal_source": "n7s12",
    "received_count": 127,
    "total_packets": 127,
    "received_percentage": 100.0,
    "program start time": "2025-01-18 02:31:00",
    "sending start time": "2025-01-18 02:31:00",
    "collecting start time": "2025-01-18 02:31:03"
}