{
    "experiment_sequence": 8043,
    "start_time": 7104.762324,
    "end_time": 7105.335926,
    "total_time": 0.573602,
    "timer_frequency": 1790,
    "average_sending_rate": 1783.47,
    "signal_source_mode": 2,
    "signal_source": "n10s12",
    "received_count": 1023,
    "total_packets": 1023,
    "received_percentage": 100.0,
    "program start time": "2025-01-03 19:20:55",
    "sending start time": "2025-01-03 19:20:59",
    "collecting start time": "2025-01-03 19:21:03"
}