{
    "experiment_sequence": 2039,
    "start_time": 7517.884738,
    "end_time": 7517.954431,
    "total_time": 0.069693,
    "timer_frequency": 1810,
    "average_sending_rate": 1822.29,
    "signal_source_mode": 2,
    "signal_source": "n7s12",
    "received_count": 127,
    "total_packets": 127,
    "received_percentage": 100.0,
    "program start time": "2025-01-16 13:41:00",
    "sending start time": "2025-01-16 13:41:00",
    "collecting start time": "2025-01-16 13:41:03"
}