{
    "experiment_sequence": 2056,
    "start_time": 139678.813614,
    "end_time": 139678.886754,
    "total_time": 0.07314,
    "timer_frequency": 1725,
    "average_sending_rate": 1736.4,
    "signal_source_mode": 2,
    "signal_source": "n7s12",
    "received_count": 127,
    "total_packets": 127,
    "received_percentage": 100.0,
    "program start time": "2025-01-16 13:57:55",
    "sending start time": "2025-01-16 13:57:59",
    "collecting start time": "2025-01-16 13:58:03"
}