{
    "experiment_sequence": 1050,
    "start_time": 66229.224521,
    "end_time": 66229.900236,
    "total_time": 0.675715,
    "timer_frequency": 755,
    "average_sending_rate": 756.24,
    "signal_source_mode": 2,
    "signal_source": "n9s12",
    "received_count": 511,
    "total_packets": 511,
    "received_percentage": 100.0,
    "program start time": "2025-01-13 16:49:55",
    "sending start time": "2025-01-13 16:50:00",
    "collecting start time": "2025-01-13 16:50:03"
}