{
    "experiment_sequence": 4017,
    "start_time": 270538.818084,
    "end_time": 270538.883797,
    "total_time": 0.065713,
    "timer_frequency": 1920,
    "average_sending_rate": 1932.65,
    "signal_source_mode": 2,
    "signal_source": "n7s12",
    "received_count": 127,
    "total_packets": 127,
    "received_percentage": 100.0,
    "program start time": "2025-01-18 02:18:55",
    "sending start time": "2025-01-18 02:19:00",
    "collecting start time": "2025-01-18 02:19:03"
}