{
    "experiment_sequence": 20001,
    "start_time": 230539.485517,
    "end_time": 230539.548558,
    "total_time": 0.063042,
    "timer_frequency": 2000,
    "average_sending_rate": 2014.54,
    "signal_source_mode": 2,
    "signal_source": "n7s12",
    "received_count": 127,
    "total_packets": 127,
    "received_percentage": 100.0,
    "program start time": "2025-01-21 13:29:55",
    "sending start time": "2025-01-21 13:30:00",
    "collecting start time": "2025-01-21 13:30:03"
}