{
    "experiment_sequence": 6022,
    "start_time": 7042.672032,
    "end_time": 7042.738607,
    "total_time": 0.066575,
    "timer_frequency": 1895,
    "average_sending_rate": 1907.63,
    "signal_source_mode": 2,
    "signal_source": "n7s12",
    "received_count": 127,
    "total_packets": 127,
    "received_percentage": 100.0,
    "program start time": "2025-02-21 17:49:55",
    "sending start time": "2025-02-21 17:49:59",
    "collecting start time": "2025-02-21 17:50:02"
}