{
    "experiment_sequence": 2009,
    "start_time": 406918.829228,
    "end_time": 406918.89361,
    "total_time": 0.064382,
    "timer_frequency": 1960,
    "average_sending_rate": 1972.59,
    "signal_source_mode": 2,
    "signal_source": "n7s12",
    "received_count": 127,
    "total_packets": 127,
    "received_percentage": 100.0,
    "program start time": "2025-01-19 16:11:55",
    "sending start time": "2025-01-19 16:12:00",
    "collecting start time": "2025-01-19 16:12:03"
}